date,invite_id,status,userId
2023-07-21 13:24:45,inv_00000,accepted,user_0131
2024-04-05 08:31:53,inv_00001,declined,user_0057
2024-01-10 09:01:43,inv_00002,pending,user_0080
2024-07-21 05:50:18,inv_00003,accepted,user_0016
2024-05-30 23:18:27,inv_00004,accepted,user_0168
2023-08-18 19:28:11,inv_00005,accepted,user_0181
2024-11-06 01:16:09,inv_00006,pending,user_0120
2023-11-13 08:46:33,inv_00007,accepted,user_0134
2024-11-11 15:05:14,inv_00008,accepted,user_0149
2024-08-02 18:20:18,inv_00009,declined,user_0009
2023-08-20 19:04:35,inv_00010,declined,user_0191
2024-09-06 05:52:18,inv_00011,accepted,user_0171
2024-04-27 15:00:18,inv_00012,pending,user_0200
2024-10-02 15:05:17,inv_00013,accepted,user_0028
2023-01-27 00:20:45,inv_00014,declined,user_0045
2024-04-08 04:23:24,inv_00015,accepted,user_0058
2023-01-06 19:38:40,inv_00016,accepted,user_0029
2023-04-10 22:02:39,inv_00017,pending,user_0095
2023-10-02 15:10:57,inv_00018,accepted,user_0121
2024-11-19 12:12:16,inv_00019,accepted,user_0182
2024-05-06 13:03:01,inv_00020,declined,user_0057
2023-07-13 15:48:41,inv_00021,accepted,user_0033
2023-04-21 13:06:28,inv_00022,accepted,user_0198
2024-08-17 02:58:56,inv_00023,declined,user_0192
2024-06-19 11:58:59,inv_00024,declined,user_0108
2023-07-26 07:08:46,inv_00025,pending,user_0132
2023-05-25 22:59:54,inv_00026,accepted,user_0016
2024-10-01 09:08:10,inv_00027,accepted,user_0131
2024-11-25 02:35:23,inv_00028,accepted,user_0089
2024-09-17 17:23:13,inv_00029,accepted,user_0191
2024-07-01 02:17:36,inv_00030,accepted,user_0081
2023-01-03 08:01:25,inv_00031,accepted,user_0150
2023-02-19 02:25:02,inv_00032,pending,user_0082
2024-02-12 03:33:18,inv_00033,pending,user_0096
2023-06-02 05:44:34,inv_00034,accepted,user_0146
2023-05-11 00:34:30,inv_00035,accepted,user_0057
2023-11-02 06:09:06,inv_00036,accepted,user_0153
2023-07-12 01:03:11,inv_00037,accepted,user_0028
2023-10-05 14:41:05,inv_00038,pending,user_0168
2024-03-02 05:54:34,inv_00039,accepted,user_0151
2024-04-10 12:45:36,inv_00040,declined,user_0136
2023-12-20 11:45:47,inv_00041,accepted,user_0141
2024-04-24 13:36:20,inv_00042,declined,user_0172
2023-05-12 10:43:37,inv_00043,declined,user_0121
2023-08-08 01:45:43,inv_00044,accepted,user_0047
2023-06-19 06:46:16,inv_00045,accepted,user_0010
2023-08-02 05:52:15,inv_00046,pending,user_0041
2023-12-21 02:15:01,inv_00047,accepted,user_0195
2024-08-04 14:59:34,inv_00048,accepted,user_0074
2023-10-14 07:31:12,inv_00049,accepted,user_0177
2023-09-18 16:52:49,inv_00050,accepted,user_0192
2023-12-18 02:24:09,inv_00051,accepted,user_0015
2023-03-12 11:15:44,inv_00052,accepted,user_0189
2023-03-24 00:40:37,inv_00053,pending,user_0074
2024-10-05 01:17:01,inv_00054,accepted,user_0052
2024-07-05 02:55:06,inv_00055,accepted,user_0174
2023-07-29 16:59:38,inv_00056,accepted,user_0059
2024-12-08 15:13:29,inv_00057,accepted,user_0176
2023-08-26 12:57:22,inv_00058,declined,user_0118
2024-04-28 13:34:00,inv_00059,pending,user_0039
2023-03-26 13:09:07,inv_00060,declined,user_0126
2023-12-06 06:10:24,inv_00061,accepted,user_0042
2023-08-21 19:13:56,inv_00062,accepted,user_0051
2023-03-24 21:09:21,inv_00063,accepted,user_0050
2024-05-23 18:53:22,inv_00064,accepted,user_0092
2024-05-29 12:25:31,inv_00065,accepted,user_0105
2024-07-18 18:54:17,inv_00066,declined,user_0066
2023-12-20 03:06:09,inv_00067,accepted,user_0169
2024-08-10 10:43:02,inv_00068,accepted,user_0058
2023-12-24 02:20:06,inv_00069,pending,user_0127
2023-10-28 18:17:28,inv_00070,pending,user_0004
2023-06-21 10:44:52,inv_00071,accepted,user_0177
2023-08-01 09:05:51,inv_00072,accepted,user_0131
2024-01-06 11:10:45,inv_00073,declined,user_0032
2024-10-11 13:28:54,inv_00074,accepted,user_0175
2024-07-25 11:08:40,inv_00075,pending,user_0062
2023-02-14 09:16:23,inv_00076,accepted,user_0144
2024-07-17 09:54:44,inv_00077,accepted,user_0196
2023-07-10 23:19:26,inv_00078,accepted,user_0018
2023-08-20 20:40:25,inv_00079,accepted,user_0134
2023-10-13 16:56:58,inv_00080,declined,user_0106
2023-11-19 14:59:27,inv_00081,declined,user_0065
2023-10-19 00:51:54,inv_00082,pending,user_0080
2024-10-28 00:42:00,inv_00083,accepted,user_0037
2023-07-15 20:55:04,inv_00084,declined,user_0073
2024-06-15 13:50:00,inv_00085,declined,user_0191
2023-09-06 02:01:26,inv_00086,declined,user_0081
2024-08-20 12:33:02,inv_00087,accepted,user_0100
2023-08-14 05:06:23,inv_00088,declined,user_0059
2023-10-27 03:53:53,inv_00089,accepted,user_0095
2024-02-22 22:17:59,inv_00090,accepted,user_0162
2023-05-02 13:41:44,inv_00091,accepted,user_0037
2023-05-31 12:38:18,inv_00092,declined,user_0162
2024-04-01 11:01:10,inv_00093,declined,user_0173
2024-11-22 22:49:08,inv_00094,accepted,user_0101
2024-03-23 17:05:08,inv_00095,accepted,user_0129
2023-08-29 16:04:00,inv_00096,accepted,user_0053
2024-03-17 14:55:13,inv_00097,declined,user_0062
2023-01-15 12:59:48,inv_00098,declined,user_0143
2024-06-11 05:26:49,inv_00099,accepted,user_0051
2024-08-08 18:16:25,inv_00100,declined,user_0014
2023-03-07 21:13:38,inv_00101,accepted,user_0108
2024-05-29 10:52:43,inv_00102,accepted,user_0098
2024-10-27 22:14:40,inv_00103,accepted,user_0059
2024-07-13 19:04:21,inv_00104,accepted,user_0180
2024-02-08 14:42:22,inv_00105,declined,user_0001
2024-04-23 02:24:04,inv_00106,pending,user_0145
2024-01-14 14:43:49,inv_00107,accepted,user_0056
2023-09-22 07:57:09,inv_00108,pending,user_0133
2023-05-25 20:39:55,inv_00109,declined,user_0145
2023-04-25 14:30:56,inv_00110,accepted,user_0018
2024-01-27 01:26:35,inv_00111,accepted,user_0089
2024-09-19 14:20:38,inv_00112,declined,user_0055
2023-06-17 09:56:23,inv_00113,declined,user_0047
2024-08-07 22:31:12,inv_00114,accepted,user_0177
2024-10-26 18:39:15,inv_00115,accepted,user_0151
2023-08-30 23:55:01,inv_00116,pending,user_0104
2023-06-07 09:34:35,inv_00117,accepted,user_0021
2024-06-19 08:01:04,inv_00118,declined,user_0157
2024-11-17 05:02:30,inv_00119,accepted,user_0188
2023-01-27 08:02:00,inv_00120,accepted,user_0174
2023-01-15 14:53:49,inv_00121,accepted,user_0100
2024-11-17 11:01:22,inv_00122,accepted,user_0010
2023-03-16 20:09:47,inv_00123,accepted,user_0084
2023-10-18 11:51:48,inv_00124,accepted,user_0053
2023-12-20 23:26:49,inv_00125,declined,user_0127
2023-04-25 13:41:06,inv_00126,accepted,user_0135
2023-08-09 01:41:31,inv_00127,declined,user_0030
2023-06-17 21:41:30,inv_00128,declined,user_0093
2024-07-17 20:39:06,inv_00129,declined,user_0055
2023-06-30 12:50:56,inv_00130,accepted,user_0065
2023-07-18 21:28:06,inv_00131,declined,user_0021
2023-04-01 06:13:20,inv_00132,declined,user_0007
2024-07-26 08:37:09,inv_00133,accepted,user_0044
2024-04-23 08:26:05,inv_00134,accepted,user_0068
2023-04-06 18:30:16,inv_00135,accepted,user_0103
2024-06-24 14:00:39,inv_00136,accepted,user_0143
2023-07-17 02:22:35,inv_00137,declined,user_0098
2023-03-03 23:44:21,inv_00138,pending,user_0002
2023-02-23 22:33:25,inv_00139,declined,user_0101
2024-06-11 03:25:02,inv_00140,accepted,user_0131
2024-07-10 13:00:09,inv_00141,pending,user_0176
2023-10-31 05:27:28,inv_00142,accepted,user_0196
2023-01-11 18:16:33,inv_00143,accepted,user_0047
2024-08-29 02:00:23,inv_00144,pending,user_0171
2024-03-17 13:21:18,inv_00145,accepted,user_0100
2023-04-21 20:22:09,inv_00146,accepted,user_0027
2024-06-21 04:30:06,inv_00147,declined,user_0132
2024-08-01 14:42:09,inv_00148,pending,user_0036
2023-05-22 19:51:25,inv_00149,accepted,user_0083
2024-03-18 03:42:59,inv_00150,declined,user_0098
2023-08-16 21:33:49,inv_00151,accepted,user_0080
2023-08-25 07:41:32,inv_00152,declined,user_0180
2024-01-10 00:28:14,inv_00153,accepted,user_0173
2023-01-18 02:31:40,inv_00154,pending,user_0051
2023-07-20 01:21:05,inv_00155,pending,user_0086
2023-05-28 22:43:13,inv_00156,accepted,user_0160
2023-07-12 22:00:34,inv_00157,pending,user_0002
2024-04-23 22:00:30,inv_00158,pending,user_0017
2023-12-11 02:56:03,inv_00159,accepted,user_0023
2023-08-01 14:30:04,inv_00160,pending,user_0172
2023-03-09 22:27:11,inv_00161,pending,user_0046
2024-12-06 19:50:54,inv_00162,accepted,user_0140
2024-02-14 12:39:16,inv_00163,accepted,user_0054
2023-12-19 20:17:00,inv_00164,accepted,user_0013
2024-10-24 14:18:14,inv_00165,accepted,user_0196
2024-01-25 05:43:56,inv_00166,accepted,user_0071
2023-06-28 13:38:16,inv_00167,accepted,user_0194
2023-01-13 13:33:48,inv_00168,pending,user_0015
2023-12-29 20:03:04,inv_00169,declined,user_0062
2023-10-15 08:39:48,inv_00170,pending,user_0152
2023-09-30 02:21:50,inv_00171,pending,user_0070
2024-02-04 00:06:23,inv_00172,accepted,user_0189
2023-03-21 01:29:28,inv_00173,declined,user_0071
2023-06-13 13:32:46,inv_00174,accepted,user_0200
2024-12-12 21:20:21,inv_00175,accepted,user_0131
2023-10-18 01:32:52,inv_00176,accepted,user_0157
2023-06-19 10:39:51,inv_00177,accepted,user_0021
2023-09-27 23:16:29,inv_00178,accepted,user_0054
2024-02-16 02:26:42,inv_00179,accepted,user_0134
2024-04-14 06:10:52,inv_00180,pending,user_0121
2023-08-31 16:16:10,inv_00181,accepted,user_0011
2024-08-14 01:36:26,inv_00182,accepted,user_0198
2024-12-13 08:19:16,inv_00183,declined,user_0155
2023-03-11 15:12:57,inv_00184,accepted,user_0125
2023-05-04 13:21:36,inv_00185,pending,user_0188
2024-09-23 07:46:53,inv_00186,accepted,user_0072
2023-12-24 13:29:48,inv_00187,accepted,user_0109
2023-07-02 11:27:28,inv_00188,accepted,user_0027
2023-04-14 04:06:41,inv_00189,accepted,user_0160
2024-03-26 00:52:40,inv_00190,accepted,user_0093
2023-12-12 15:58:36,inv_00191,accepted,user_0033
2024-06-11 19:31:40,inv_00192,declined,user_0005
2024-02-18 15:31:07,inv_00193,accepted,user_0009
2023-06-19 16:10:09,inv_00194,accepted,user_0141
2024-07-14 04:59:47,inv_00195,pending,user_0094
2023-07-03 23:27:28,inv_00196,declined,user_0118
2023-08-16 08:41:27,inv_00197,accepted,user_0089
2023-09-04 15:27:20,inv_00198,accepted,user_0134
2023-04-20 22:43:18,inv_00199,accepted,user_0103
2023-08-23 15:40:51,inv_00200,declined,user_0074
2024-02-17 16:16:21,inv_00201,declined,user_0164
2023-10-24 18:28:50,inv_00202,declined,user_0125
2023-01-05 01:37:02,inv_00203,declined,user_0178
2024-05-18 23:45:40,inv_00204,accepted,user_0189
2024-07-05 04:15:52,inv_00205,accepted,user_0048
2024-08-03 03:04:12,inv_00206,declined,user_0083
2024-02-03 06:42:52,inv_00207,accepted,user_0011
2023-08-17 12:02:36,inv_00208,pending,user_0145
2024-04-20 23:11:27,inv_00209,accepted,user_0130
2023-08-23 22:36:03,inv_00210,accepted,user_0007
2024-06-01 11:22:13,inv_00211,declined,user_0105
2024-01-11 12:49:59,inv_00212,declined,user_0057
2024-09-18 19:35:56,inv_00213,declined,user_0031
2024-12-25 17:04:25,inv_00214,declined,user_0121
2023-03-01 10:43:44,inv_00215,accepted,user_0187
2023-03-18 16:22:07,inv_00216,pending,user_0174
2024-05-25 10:57:26,inv_00217,pending,user_0081
2023-10-02 06:01:10,inv_00218,accepted,user_0079
2024-07-06 12:39:18,inv_00219,declined,user_0135
2023-04-29 07:52:16,inv_00220,pending,user_0094
2024-06-30 03:33:58,inv_00221,declined,user_0142
2023-05-02 07:46:15,inv_00222,accepted,user_0095
2023-11-16 10:46:26,inv_00223,declined,user_0009
2024-12-10 11:58:23,inv_00224,accepted,user_0009
2023-01-29 12:21:55,inv_00225,accepted,user_0113
2023-11-06 15:40:21,inv_00226,declined,user_0122
2023-05-05 15:03:03,inv_00227,accepted,user_0130
2024-08-09 07:15:05,inv_00228,accepted,user_0108
2023-12-22 15:37:40,inv_00229,accepted,user_0086
2024-06-30 18:21:53,inv_00230,accepted,user_0016
2024-02-04 08:55:48,inv_00231,pending,user_0002
2023-10-19 13:35:13,inv_00232,accepted,user_0198
2023-08-05 15:04:40,inv_00233,accepted,user_0151
2023-11-14 21:35:56,inv_00234,accepted,user_0126
2023-08-03 18:47:54,inv_00235,declined,user_0118
2024-11-04 00:55:05,inv_00236,pending,user_0156
2024-05-08 23:29:20,inv_00237,declined,user_0128
2024-01-17 09:51:05,inv_00238,accepted,user_0043
2024-03-25 00:33:37,inv_00239,declined,user_0063
2023-09-29 06:59:21,inv_00240,accepted,user_0125
2024-04-19 15:52:00,inv_00241,accepted,user_0145
2023-04-14 07:23:17,inv_00242,accepted,user_0164
2024-01-17 23:21:42,inv_00243,accepted,user_0019
2023-05-30 06:10:17,inv_00244,accepted,user_0133
2024-03-24 05:16:36,inv_00245,accepted,user_0023
2024-06-05 13:35:54,inv_00246,accepted,user_0108
2024-01-15 03:32:01,inv_00247,pending,user_0019
2023-07-03 09:42:49,inv_00248,accepted,user_0128
2023-12-04 21:39:37,inv_00249,pending,user_0129
2024-11-14 10:16:04,inv_00250,accepted,user_0155
2024-11-07 18:26:04,inv_00251,accepted,user_0043
2024-06-09 16:40:55,inv_00252,accepted,user_0025
2024-09-14 05:58:51,inv_00253,accepted,user_0182
2023-04-09 19:08:36,inv_00254,pending,user_0006
2024-01-18 19:06:37,inv_00255,declined,user_0081
2024-08-28 11:13:42,inv_00256,accepted,user_0076
2023-01-08 04:04:01,inv_00257,accepted,user_0025
2023-10-31 21:37:39,inv_00258,accepted,user_0119
2023-04-20 18:06:56,inv_00259,accepted,user_0122
2023-02-18 22:40:52,inv_00260,pending,user_0174
2024-12-14 04:37:18,inv_00261,accepted,user_0103
2023-08-16 15:26:44,inv_00262,accepted,user_0059
2023-05-18 00:03:21,inv_00263,accepted,user_0119
2024-05-21 15:40:17,inv_00264,accepted,user_0055
2024-01-28 13:03:20,inv_00265,pending,user_0152
2023-08-30 15:44:07,inv_00266,accepted,user_0075
2023-02-14 14:36:30,inv_00267,accepted,user_0152
2023-12-09 03:31:14,inv_00268,declined,user_0131
2023-04-25 05:03:24,inv_00269,accepted,user_0168
2023-09-13 19:55:58,inv_00270,accepted,user_0148
2024-02-13 04:24:52,inv_00271,accepted,user_0087
2023-06-15 00:02:13,inv_00272,pending,user_0197
2024-04-04 00:57:25,inv_00273,declined,user_0124
2024-11-08 08:26:55,inv_00274,pending,user_0077
2023-07-20 10:39:08,inv_00275,declined,user_0198
2024-08-22 03:37:03,inv_00276,accepted,user_0194
2024-09-25 16:59:31,inv_00277,accepted,user_0093
2024-03-02 15:53:09,inv_00278,declined,user_0197
2023-08-12 04:44:44,inv_00279,accepted,user_0079
2024-03-31 21:15:23,inv_00280,accepted,user_0008
2023-10-22 09:15:41,inv_00281,pending,user_0098
2023-07-05 23:12:33,inv_00282,accepted,user_0117
2024-01-30 22:37:03,inv_00283,accepted,user_0055
2024-04-26 08:07:11,inv_00284,declined,user_0037
2023-02-26 13:22:54,inv_00285,declined,user_0090
2023-04-22 06:25:47,inv_00286,accepted,user_0200
2024-06-17 09:07:46,inv_00287,accepted,user_0014
2023-07-24 09:20:47,inv_00288,accepted,user_0176
2023-07-11 22:40:01,inv_00289,accepted,user_0089
2023-03-16 16:41:01,inv_00290,accepted,user_0067
2024-08-04 17:24:57,inv_00291,pending,user_0160
2024-03-04 17:47:41,inv_00292,accepted,user_0164
2024-07-13 05:16:19,inv_00293,declined,user_0133
2023-08-30 00:24:23,inv_00294,declined,user_0079
2024-07-17 13:03:59,inv_00295,declined,user_0122
2024-03-08 06:49:04,inv_00296,accepted,user_0018
2023-07-22 09:12:03,inv_00297,accepted,user_0011
2024-08-12 07:53:19,inv_00298,declined,user_0074
2024-09-28 01:49:01,inv_00299,pending,user_0132
2024-05-03 00:03:57,inv_00300,accepted,user_0126
2023-12-12 14:05:16,inv_00301,pending,user_0148
2023-05-03 17:06:04,inv_00302,accepted,user_0133
2024-07-25 20:33:11,inv_00303,pending,user_0191
2024-12-23 00:48:29,inv_00304,accepted,user_0182
2023-03-08 16:14:47,inv_00305,declined,user_0193
2024-08-09 10:45:32,inv_00306,declined,user_0110
2023-04-17 22:32:01,inv_00307,declined,user_0141
2023-05-01 07:37:05,inv_00308,declined,user_0073
2024-09-30 11:14:19,inv_00309,accepted,user_0003
2023-08-25 00:52:46,inv_00310,accepted,user_0002
2024-10-16 01:06:09,inv_00311,accepted,user_0140
2023-02-08 02:21:16,inv_00312,accepted,user_0088
2024-01-09 13:04:34,inv_00313,accepted,user_0056
2023-11-17 23:21:05,inv_00314,accepted,user_0058
2024-04-30 08:02:09,inv_00315,declined,user_0180
2023-08-27 18:36:20,inv_00316,declined,user_0143
2024-01-01 06:34:18,inv_00317,accepted,user_0001
2023-03-27 15:02:04,inv_00318,declined,user_0200
2024-02-13 21:44:33,inv_00319,accepted,user_0113
2023-10-03 10:27:48,inv_00320,accepted,user_0071
2023-10-09 10:28:59,inv_00321,declined,user_0102
2023-12-13 08:51:16,inv_00322,accepted,user_0045
2023-08-16 14:04:02,inv_00323,accepted,user_0144
2024-01-17 01:11:22,inv_00324,accepted,user_0123
2024-01-23 09:36:36,inv_00325,declined,user_0017
2024-10-06 19:09:49,inv_00326,accepted,user_0030
2024-09-06 19:11:24,inv_00327,accepted,user_0037
2024-11-28 09:54:33,inv_00328,accepted,user_0018
2024-11-21 04:59:01,inv_00329,declined,user_0011
2024-08-31 12:45:30,inv_00330,accepted,user_0060
2024-06-03 06:48:40,inv_00331,accepted,user_0187
2024-09-05 02:37:45,inv_00332,accepted,user_0198
2024-02-14 03:42:44,inv_00333,accepted,user_0154
2023-12-24 18:26:17,inv_00334,accepted,user_0080
2024-07-29 22:40:03,inv_00335,accepted,user_0038
2024-05-15 07:38:24,inv_00336,pending,user_0137
2024-02-12 06:29:49,inv_00337,accepted,user_0046
2023-11-14 20:26:32,inv_00338,accepted,user_0172
2023-09-12 04:07:19,inv_00339,pending,user_0042
2023-01-19 11:10:41,inv_00340,accepted,user_0197
2023-09-24 22:50:21,inv_00341,declined,user_0023
2023-12-07 05:38:57,inv_00342,accepted,user_0106
2024-05-04 03:05:05,inv_00343,pending,user_0034
2024-06-15 19:10:16,inv_00344,pending,user_0150
2023-06-06 01:25:29,inv_00345,accepted,user_0197
2024-02-13 15:35:28,inv_00346,accepted,user_0193
2024-12-29 11:12:35,inv_00347,accepted,user_0154
2024-11-16 18:24:47,inv_00348,pending,user_0055
2023-10-07 04:39:14,inv_00349,accepted,user_0015
2023-05-11 16:10:41,inv_00350,pending,user_0194
2024-06-29 18:27:04,inv_00351,declined,user_0181
2023-01-08 18:58:50,inv_00352,accepted,user_0079
2023-11-19 17:15:05,inv_00353,declined,user_0011
2024-01-19 23:33:55,inv_00354,accepted,user_0058
2023-01-05 02:22:00,inv_00355,accepted,user_0042
2023-08-15 14:02:42,inv_00356,accepted,user_0081
2023-03-10 16:46:50,inv_00357,accepted,user_0197
2023-09-27 06:33:26,inv_00358,accepted,user_0161
2023-07-05 05:52:51,inv_00359,accepted,user_0172
2024-11-03 17:48:01,inv_00360,declined,user_0089
2024-03-18 22:41:15,inv_00361,declined,user_0135
2023-01-25 11:24:50,inv_00362,pending,user_0117
2023-07-20 17:08:55,inv_00363,declined,user_0052
2023-12-16 11:26:05,inv_00364,declined,user_0013
2023-02-02 01:25:57,inv_00365,accepted,user_0032
2024-05-22 17:08:37,inv_00366,accepted,user_0039
2023-07-04 17:13:29,inv_00367,accepted,user_0078
2024-04-01 10:44:15,inv_00368,accepted,user_0063
2024-12-09 22:23:05,inv_00369,declined,user_0020
2024-08-24 00:39:59,inv_00370,declined,user_0016
2024-09-22 03:00:24,inv_00371,pending,user_0158
2024-11-08 03:06:40,inv_00372,accepted,user_0105
2024-12-28 23:29:50,inv_00373,declined,user_0147
2024-04-06 12:50:46,inv_00374,pending,user_0101
2023-12-24 22:03:52,inv_00375,accepted,user_0074
2023-12-12 14:48:58,inv_00376,accepted,user_0072
2024-09-30 16:53:35,inv_00377,pending,user_0078
2024-07-01 22:16:22,inv_00378,accepted,user_0158
2024-08-12 10:11:08,inv_00379,declined,user_0106
2023-01-28 21:09:06,inv_00380,pending,user_0162
2023-01-22 01:13:25,inv_00381,accepted,user_0167
2024-10-14 19:31:30,inv_00382,accepted,user_0049
2023-04-22 19:55:10,inv_00383,declined,user_0101
2024-06-21 10:09:24,inv_00384,declined,user_0120
2024-09-27 18:23:58,inv_00385,accepted,user_0133
2023-04-07 02:28:35,inv_00386,accepted,user_0105
2023-11-03 06:54:41,inv_00387,accepted,user_0043
2024-09-09 10:28:15,inv_00388,declined,user_0047
2023-02-10 21:57:39,inv_00389,accepted,user_0187
2024-04-10 08:37:02,inv_00390,accepted,user_0197
2023-02-15 11:56:32,inv_00391,declined,user_0145
2023-03-13 03:46:12,inv_00392,accepted,user_0019
2024-02-02 04:20:33,inv_00393,pending,user_0174
2024-12-18 21:13:41,inv_00394,pending,user_0117
2023-05-22 18:04:30,inv_00395,accepted,user_0056
2024-03-24 05:20:47,inv_00396,accepted,user_0154
2023-01-13 04:08:11,inv_00397,accepted,user_0194
2024-09-03 05:01:55,inv_00398,accepted,user_0142
2024-09-11 04:59:24,inv_00399,declined,user_0180
2023-08-20 00:44:04,inv_00400,accepted,user_0092
2024-06-01 19:05:34,inv_00401,accepted,user_0132
2024-10-23 04:17:51,inv_00402,accepted,user_0131
2024-03-04 09:34:04,inv_00403,accepted,user_0079
2024-11-20 08:09:11,inv_00404,accepted,user_0150
2024-01-12 22:17:04,inv_00405,declined,user_0112
2024-11-17 14:21:04,inv_00406,accepted,user_0050
2023-10-22 07:35:32,inv_00407,accepted,user_0192
2024-09-03 12:47:46,inv_00408,declined,user_0010
2024-05-03 20:06:48,inv_00409,pending,user_0184
2023-02-17 10:00:35,inv_00410,accepted,user_0098
2024-08-25 06:49:58,inv_00411,accepted,user_0016
2024-01-02 02:43:48,inv_00412,accepted,user_0037
2024-06-16 03:19:40,inv_00413,accepted,user_0100
2023-03-03 07:07:53,inv_00414,declined,user_0183
2023-11-20 16:20:53,inv_00415,accepted,user_0022
2023-07-21 03:12:21,inv_00416,declined,user_0122
2023-05-26 00:55:59,inv_00417,pending,user_0032
2024-01-04 23:45:40,inv_00418,declined,user_0172
2023-05-07 06:24:11,inv_00419,accepted,user_0081
2024-06-29 04:26:02,inv_00420,accepted,user_0073
2024-09-03 15:18:06,inv_00421,accepted,user_0180
2023-01-03 08:29:28,inv_00422,declined,user_0033
2023-07-19 20:19:48,inv_00423,accepted,user_0120
2023-09-13 23:59:50,inv_00424,accepted,user_0097
2023-09-07 06:14:51,inv_00425,accepted,user_0130
2024-02-19 18:23:44,inv_00426,accepted,user_0014
2024-05-23 07:02:20,inv_00427,declined,user_0101
2024-02-18 07:38:10,inv_00428,pending,user_0061
2023-12-04 23:51:14,inv_00429,pending,user_0065
2023-03-26 20:54:17,inv_00430,declined,user_0086
2023-03-08 02:38:28,inv_00431,accepted,user_0030
2024-06-16 13:43:21,inv_00432,accepted,user_0027
2023-05-16 12:44:37,inv_00433,accepted,user_0064
2024-03-07 12:55:20,inv_00434,accepted,user_0033
2024-12-06 00:12:47,inv_00435,accepted,user_0053
2024-07-13 16:58:45,inv_00436,pending,user_0080
2024-07-29 18:39:59,inv_00437,declined,user_0138
2023-06-08 19:03:10,inv_00438,declined,user_0155
2023-10-01 09:45:28,inv_00439,accepted,user_0165
2023-03-01 07:56:12,inv_00440,accepted,user_0130
2024-06-12 17:19:44,inv_00441,pending,user_0094
2023-06-30 02:44:48,inv_00442,declined,user_0110
2024-09-03 05:38:30,inv_00443,accepted,user_0043
2024-04-13 21:24:02,inv_00444,accepted,user_0147
2024-10-20 01:54:56,inv_00445,accepted,user_0115
2023-05-20 11:49:39,inv_00446,declined,user_0099
2024-07-05 18:11:10,inv_00447,accepted,user_0011
2023-04-07 21:30:50,inv_00448,accepted,user_0052
2023-02-08 22:26:04,inv_00449,declined,user_0126
2024-05-30 07:36:45,inv_00450,declined,user_0122
2023-05-10 22:37:50,inv_00451,accepted,user_0032
2023-04-13 12:15:53,inv_00452,accepted,user_0080
2023-08-19 08:16:40,inv_00453,declined,user_0029
2023-06-14 22:49:33,inv_00454,accepted,user_0036
2023-05-18 10:03:26,inv_00455,accepted,user_0175
2024-10-07 00:07:17,inv_00456,pending,user_0088
2023-05-10 07:00:13,inv_00457,declined,user_0171
2023-08-04 07:12:52,inv_00458,accepted,user_0112
2024-05-24 05:13:08,inv_00459,declined,user_0052
2023-07-13 02:49:51,inv_00460,accepted,user_0053
2023-12-24 14:47:48,inv_00461,pending,user_0068
2024-02-27 10:45:24,inv_00462,pending,user_0133
2023-09-12 16:00:47,inv_00463,declined,user_0083
2024-04-13 12:47:23,inv_00464,declined,user_0176
2023-11-25 06:16:24,inv_00465,declined,user_0115
2024-04-05 15:34:57,inv_00466,declined,user_0152
2024-08-30 03:55:02,inv_00467,accepted,user_0124
2023-01-27 19:31:43,inv_00468,accepted,user_0126
2024-09-01 08:22:04,inv_00469,accepted,user_0112
2023-10-09 13:07:32,inv_00470,accepted,user_0001
2024-01-28 16:51:45,inv_00471,accepted,user_0099
2023-06-03 18:48:43,inv_00472,accepted,user_0002
2024-05-27 14:19:27,inv_00473,declined,user_0138
2023-09-11 06:03:54,inv_00474,accepted,user_0191
2024-08-14 23:06:49,inv_00475,accepted,user_0059
2024-08-04 06:40:29,inv_00476,accepted,user_0006
2023-06-01 10:28:14,inv_00477,accepted,user_0104
2024-05-25 17:56:06,inv_00478,declined,user_0083
2024-01-03 17:58:01,inv_00479,accepted,user_0176
2024-08-28 19:06:23,inv_00480,accepted,user_0164
2024-08-02 20:02:56,inv_00481,declined,user_0048
2023-03-08 06:04:17,inv_00482,accepted,user_0157
2024-07-18 14:07:32,inv_00483,accepted,user_0120
2023-07-08 11:54:23,inv_00484,accepted,user_0169
2023-12-08 09:53:49,inv_00485,accepted,user_0088
2023-01-23 22:58:11,inv_00486,declined,user_0128
2023-03-26 04:01:27,inv_00487,accepted,user_0073
2024-04-25 13:58:47,inv_00488,accepted,user_0032
2023-05-17 02:10:29,inv_00489,accepted,user_0104
2023-04-13 01:33:49,inv_00490,accepted,user_0005
2024-03-04 09:05:59,inv_00491,accepted,user_0085
2023-09-29 18:23:37,inv_00492,accepted,user_0017
2023-10-03 20:59:09,inv_00493,accepted,user_0024
2024-03-05 12:36:23,inv_00494,declined,user_0128
2023-01-25 17:02:53,inv_00495,pending,user_0091
2024-05-26 22:34:14,inv_00496,accepted,user_0112
2024-04-04 12:21:03,inv_00497,pending,user_0082
2024-09-26 14:38:45,inv_00498,declined,user_0086
2023-01-06 18:22:41,inv_00499,pending,user_0006
2023-11-04 15:03:50,inv_00500,accepted,user_0028
2023-09-02 08:09:45,inv_00501,pending,user_0106
2024-04-17 22:52:50,inv_00502,pending,user_0148
2023-03-15 03:38:19,inv_00503,pending,user_0121
2024-10-28 14:22:02,inv_00504,declined,user_0147
2023-08-12 13:56:56,inv_00505,accepted,user_0008
2023-12-07 19:03:30,inv_00506,accepted,user_0018
2023-05-16 21:32:09,inv_00507,pending,user_0037
2023-01-16 21:03:34,inv_00508,accepted,user_0189
2024-08-13 17:33:27,inv_00509,accepted,user_0173
2023-11-30 04:55:41,inv_00510,accepted,user_0038
2024-02-25 10:54:37,inv_00511,declined,user_0002
2023-11-14 12:38:51,inv_00512,accepted,user_0183
2023-10-19 12:19:21,inv_00513,pending,user_0143
2024-08-31 21:22:08,inv_00514,pending,user_0059
2023-07-04 09:06:35,inv_00515,accepted,user_0075
2023-09-30 10:43:22,inv_00516,declined,user_0133
2023-09-04 15:37:37,inv_00517,accepted,user_0106
2024-05-10 08:17:54,inv_00518,accepted,user_0148
2023-08-08 03:02:10,inv_00519,pending,user_0082
2024-12-09 15:48:52,inv_00520,accepted,user_0140
2024-10-02 12:37:16,inv_00521,accepted,user_0185
2024-07-11 02:47:26,inv_00522,accepted,user_0113
2024-10-19 15:09:50,inv_00523,declined,user_0081
2024-01-06 01:57:08,inv_00524,accepted,user_0068
2023-11-04 07:40:28,inv_00525,accepted,user_0019
2024-07-19 01:44:57,inv_00526,pending,user_0087
2024-11-27 09:45:48,inv_00527,accepted,user_0027
2023-10-20 13:08:32,inv_00528,accepted,user_0116
2023-01-21 20:17:11,inv_00529,declined,user_0181
2024-01-09 21:49:12,inv_00530,declined,user_0170
2024-11-04 07:38:06,inv_00531,declined,user_0116
2024-10-09 05:08:55,inv_00532,pending,user_0045
2024-12-05 14:55:40,inv_00533,accepted,user_0078
2024-11-19 06:40:03,inv_00534,pending,user_0068
2023-05-25 21:03:24,inv_00535,accepted,user_0196
2024-12-10 20:56:03,inv_00536,accepted,user_0152
2024-07-02 20:24:49,inv_00537,accepted,user_0087
2023-04-05 19:41:14,inv_00538,pending,user_0036
2023-09-01 04:44:14,inv_00539,accepted,user_0133
2024-12-01 17:40:51,inv_00540,accepted,user_0027
2024-12-09 08:05:46,inv_00541,accepted,user_0165
2023-08-14 18:28:20,inv_00542,accepted,user_0027
2024-07-13 01:13:15,inv_00543,declined,user_0095
2024-08-08 02:05:53,inv_00544,accepted,user_0076
2023-12-01 20:39:39,inv_00545,accepted,user_0175
2023-05-01 16:47:35,inv_00546,declined,user_0192
2023-01-01 14:46:22,inv_00547,declined,user_0134
2023-04-18 16:02:32,inv_00548,declined,user_0076
2024-10-06 13:22:01,inv_00549,accepted,user_0184
2023-08-08 22:27:59,inv_00550,accepted,user_0128
2023-02-28 16:10:29,inv_00551,declined,user_0142
2023-06-22 09:56:10,inv_00552,declined,user_0022
2023-05-29 10:12:04,inv_00553,accepted,user_0183
2023-03-07 19:43:26,inv_00554,declined,user_0075
2023-06-28 15:42:49,inv_00555,accepted,user_0104
2024-05-14 20:10:54,inv_00556,accepted,user_0052
2024-09-09 08:06:37,inv_00557,accepted,user_0103
2023-10-01 04:59:48,inv_00558,accepted,user_0184
2023-12-15 11:04:06,inv_00559,accepted,user_0102
2023-09-09 15:21:06,inv_00560,accepted,user_0121
2023-12-10 16:25:41,inv_00561,accepted,user_0077
2024-05-16 08:29:54,inv_00562,pending,user_0006
2024-05-25 02:37:16,inv_00563,accepted,user_0148
2024-10-28 08:50:05,inv_00564,accepted,user_0054
2024-05-02 23:00:49,inv_00565,pending,user_0002
2024-08-29 21:11:57,inv_00566,accepted,user_0072
2024-05-30 13:02:46,inv_00567,accepted,user_0158
2024-07-11 00:44:38,inv_00568,declined,user_0091
2023-03-11 22:51:05,inv_00569,accepted,user_0128
2023-04-04 19:21:42,inv_00570,accepted,user_0182
2024-07-11 00:32:09,inv_00571,accepted,user_0132
2023-04-08 11:22:48,inv_00572,declined,user_0199
2024-07-18 11:31:22,inv_00573,pending,user_0175
2024-10-17 13:19:58,inv_00574,accepted,user_0088
2024-08-21 10:44:22,inv_00575,accepted,user_0096
2024-06-17 04:07:09,inv_00576,accepted,user_0147
2023-11-06 22:51:34,inv_00577,accepted,user_0042
2023-10-15 12:15:29,inv_00578,accepted,user_0099
2023-02-22 07:25:37,inv_00579,pending,user_0170
2023-12-23 11:10:45,inv_00580,pending,user_0051
2024-06-24 12:19:05,inv_00581,declined,user_0003
2024-03-04 02:14:07,inv_00582,pending,user_0037
2023-06-11 20:04:46,inv_00583,accepted,user_0022
2024-03-20 05:18:40,inv_00584,declined,user_0161
2024-07-14 12:37:32,inv_00585,declined,user_0103
2023-09-27 11:12:09,inv_00586,accepted,user_0098
2023-09-06 02:11:19,inv_00587,accepted,user_0177
2024-08-23 23:07:56,inv_00588,accepted,user_0087
2024-03-21 17:07:31,inv_00589,declined,user_0182
2024-07-02 17:30:42,inv_00590,pending,user_0062
2024-10-29 15:32:48,inv_00591,declined,user_0035
2024-04-16 06:30:49,inv_00592,declined,user_0029
2023-04-11 19:09:35,inv_00593,accepted,user_0066
2023-05-18 05:14:38,inv_00594,declined,user_0125
2023-06-04 04:47:26,inv_00595,declined,user_0050
2023-11-14 20:13:08,inv_00596,accepted,user_0014
2023-09-05 21:33:29,inv_00597,pending,user_0048
2024-04-22 10:52:02,inv_00598,accepted,user_0044
2023-11-07 18:27:44,inv_00599,declined,user_0072
2023-07-28 00:34:17,inv_00600,accepted,user_0129
2023-10-10 09:00:28,inv_00601,pending,user_0156
2024-08-22 12:44:17,inv_00602,accepted,user_0003
2023-01-26 10:09:47,inv_00603,accepted,user_0118
2024-11-30 17:08:35,inv_00604,accepted,user_0199
2023-11-04 20:49:49,inv_00605,accepted,user_0098
2023-04-30 09:16:16,inv_00606,accepted,user_0048
2024-05-13 02:35:34,inv_00607,accepted,user_0126
2024-08-31 23:45:11,inv_00608,declined,user_0160
2023-12-06 09:26:44,inv_00609,accepted,user_0009
2023-03-02 07:51:39,inv_00610,accepted,user_0185
2024-05-15 19:52:10,inv_00611,pending,user_0046
2023-03-16 00:37:02,inv_00612,declined,user_0058
2024-09-21 14:24:45,inv_00613,accepted,user_0184
2024-08-09 14:12:01,inv_00614,accepted,user_0015
2023-01-09 22:10:22,inv_00615,accepted,user_0119
2023-08-21 21:19:53,inv_00616,accepted,user_0189
2024-02-24 12:25:56,inv_00617,accepted,user_0144
2023-10-08 07:30:35,inv_00618,declined,user_0115
2023-11-28 22:12:17,inv_00619,accepted,user_0046
2023-12-21 21:09:43,inv_00620,accepted,user_0071
2024-12-01 17:49:00,inv_00621,accepted,user_0035
2023-10-21 05:50:36,inv_00622,accepted,user_0066
2024-07-17 02:13:16,inv_00623,pending,user_0057
2023-08-10 03:45:47,inv_00624,pending,user_0112
2023-07-08 19:31:52,inv_00625,declined,user_0034
2024-04-07 21:43:58,inv_00626,accepted,user_0031
2024-03-16 15:42:12,inv_00627,declined,user_0012
2024-08-08 18:22:13,inv_00628,declined,user_0193
2023-11-25 16:43:45,inv_00629,accepted,user_0175
2023-09-30 03:53:58,inv_00630,declined,user_0065
2023-12-12 16:32:54,inv_00631,accepted,user_0129
2023-09-02 14:18:45,inv_00632,pending,user_0079
2024-01-26 13:37:24,inv_00633,accepted,user_0195
2023-09-24 08:22:42,inv_00634,accepted,user_0014
2024-07-27 09:52:03,inv_00635,accepted,user_0182
2024-12-16 22:28:06,inv_00636,declined,user_0138
2024-01-24 03:35:15,inv_00637,accepted,user_0067
2023-10-07 22:25:34,inv_00638,accepted,user_0084
2024-05-07 13:04:31,inv_00639,declined,user_0128
2023-04-20 18:47:02,inv_00640,declined,user_0050
2023-09-04 02:16:00,inv_00641,accepted,user_0119
2024-11-12 22:46:56,inv_00642,accepted,user_0128
2024-03-06 19:28:51,inv_00643,declined,user_0100
2023-05-25 06:10:50,inv_00644,declined,user_0091
2024-08-16 08:52:16,inv_00645,pending,user_0116
2024-06-15 04:03:21,inv_00646,declined,user_0164
2023-11-29 03:24:49,inv_00647,accepted,user_0011
2023-02-05 10:29:01,inv_00648,declined,user_0131
2023-07-25 15:37:42,inv_00649,accepted,user_0167
2023-03-30 17:34:52,inv_00650,accepted,user_0010
2023-12-24 10:10:01,inv_00651,accepted,user_0051
2023-09-25 23:39:51,inv_00652,pending,user_0032
2024-10-11 02:11:13,inv_00653,accepted,user_0180
2024-05-16 01:30:41,inv_00654,declined,user_0072
2023-07-04 04:45:56,inv_00655,accepted,user_0047
2023-09-04 08:19:47,inv_00656,pending,user_0013
2023-08-05 04:27:02,inv_00657,accepted,user_0122
2024-08-20 23:50:48,inv_00658,declined,user_0067
2024-02-01 04:57:13,inv_00659,declined,user_0053
2023-05-11 11:19:03,inv_00660,accepted,user_0053
2023-09-18 12:37:53,inv_00661,pending,user_0143
2023-01-13 18:55:57,inv_00662,declined,user_0181
2023-08-25 23:33:44,inv_00663,accepted,user_0121
2024-04-09 06:25:00,inv_00664,accepted,user_0042
2024-03-10 22:02:47,inv_00665,pending,user_0029
2023-09-18 18:55:23,inv_00666,accepted,user_0047
2023-01-27 17:26:54,inv_00667,accepted,user_0030
2024-06-23 05:40:44,inv_00668,declined,user_0123
2023-07-01 11:56:24,inv_00669,accepted,user_0014
2023-03-03 08:30:03,inv_00670,declined,user_0079
2023-03-11 00:54:41,inv_00671,accepted,user_0111
2024-06-14 13:18:55,inv_00672,accepted,user_0059
2024-04-07 00:45:31,inv_00673,declined,user_0110
2023-11-11 16:52:53,inv_00674,declined,user_0106
2023-07-20 12:40:40,inv_00675,accepted,user_0064
2024-12-10 10:51:38,inv_00676,accepted,user_0044
2024-05-17 23:08:20,inv_00677,accepted,user_0014
2023-06-28 04:38:39,inv_00678,pending,user_0153
2024-08-25 16:00:39,inv_00679,accepted,user_0091
2024-09-01 11:45:41,inv_00680,accepted,user_0044
2024-06-18 20:41:23,inv_00681,pending,user_0061
2024-01-18 04:44:57,inv_00682,pending,user_0002
2023-12-01 15:30:39,inv_00683,declined,user_0079
2023-02-25 20:54:47,inv_00684,accepted,user_0074
2023-09-30 03:22:26,inv_00685,accepted,user_0171
2023-04-18 03:04:04,inv_00686,accepted,user_0009
2024-12-14 02:17:42,inv_00687,declined,user_0189
2024-04-10 14:30:35,inv_00688,accepted,user_0195
2024-10-05 21:17:10,inv_00689,accepted,user_0152
2023-10-06 19:06:56,inv_00690,accepted,user_0193
2024-12-16 14:16:07,inv_00691,pending,user_0166
2023-02-27 11:57:37,inv_00692,declined,user_0198
2024-11-08 00:45:30,inv_00693,declined,user_0133
2024-06-30 23:09:28,inv_00694,accepted,user_0068
2023-11-05 10:43:26,inv_00695,pending,user_0195
2023-01-17 08:09:30,inv_00696,accepted,user_0158
2024-11-24 18:17:15,inv_00697,accepted,user_0062
2023-07-07 12:09:08,inv_00698,pending,user_0135
2024-04-21 14:43:40,inv_00699,accepted,user_0179
2024-10-06 12:51:08,inv_00700,accepted,user_0160
2024-09-02 21:40:12,inv_00701,declined,user_0107
2023-11-13 09:47:10,inv_00702,accepted,user_0074
2023-03-26 23:46:24,inv_00703,accepted,user_0101
2023-05-20 21:35:47,inv_00704,pending,user_0026
2023-07-10 12:17:42,inv_00705,accepted,user_0043
2023-08-10 08:05:19,inv_00706,accepted,user_0109
2024-01-11 05:58:23,inv_00707,declined,user_0062
2024-09-15 14:20:55,inv_00708,accepted,user_0159
2023-06-27 22:32:31,inv_00709,accepted,user_0023
2024-08-06 05:40:32,inv_00710,accepted,user_0064
2023-10-01 04:37:17,inv_00711,accepted,user_0072
2023-12-12 05:31:49,inv_00712,pending,user_0183
2024-07-09 07:47:51,inv_00713,declined,user_0144
2023-11-15 23:17:15,inv_00714,accepted,user_0120
2024-06-29 05:09:31,inv_00715,accepted,user_0009
2024-07-22 03:58:23,inv_00716,accepted,user_0004
2023-07-22 02:28:43,inv_00717,accepted,user_0039
2024-05-05 03:37:21,inv_00718,declined,user_0044
2024-03-17 08:59:14,inv_00719,accepted,user_0041
2024-10-26 02:45:25,inv_00720,pending,user_0013
2024-05-10 02:12:30,inv_00721,accepted,user_0076
2023-07-19 01:20:35,inv_00722,pending,user_0140
2023-10-25 05:50:33,inv_00723,accepted,user_0024
2023-01-14 15:57:21,inv_00724,declined,user_0048
2023-10-30 10:58:16,inv_00725,declined,user_0099
2023-04-05 17:31:00,inv_00726,accepted,user_0032
2023-07-14 22:46:24,inv_00727,declined,user_0166
2024-03-13 07:52:19,inv_00728,declined,user_0194
2024-12-13 09:43:34,inv_00729,accepted,user_0182
2023-08-21 06:09:09,inv_00730,accepted,user_0021
2023-06-11 13:35:27,inv_00731,accepted,user_0159
2023-01-14 04:38:15,inv_00732,accepted,user_0064
2023-08-25 23:08:48,inv_00733,accepted,user_0180
2023-02-16 12:25:02,inv_00734,accepted,user_0163
2023-07-30 02:48:16,inv_00735,pending,user_0144
2024-06-03 18:49:43,inv_00736,declined,user_0168
2024-08-26 16:36:05,inv_00737,accepted,user_0090
2024-03-05 04:15:22,inv_00738,accepted,user_0038
2024-04-08 09:13:01,inv_00739,declined,user_0185
2023-08-28 23:44:07,inv_00740,accepted,user_0003
2023-10-11 23:58:20,inv_00741,declined,user_0165
2024-11-09 19:22:10,inv_00742,accepted,user_0100
2023-01-10 04:10:39,inv_00743,declined,user_0002
2023-09-06 15:14:29,inv_00744,accepted,user_0003
2023-09-10 20:20:16,inv_00745,declined,user_0104
2023-11-21 09:35:28,inv_00746,accepted,user_0175
2023-12-04 05:19:15,inv_00747,accepted,user_0106
2024-06-26 01:50:47,inv_00748,accepted,user_0111
2023-06-03 18:22:01,inv_00749,accepted,user_0090
2024-05-24 08:08:54,inv_00750,accepted,user_0027
2024-05-06 06:42:49,inv_00751,accepted,user_0191
2023-07-06 15:44:03,inv_00752,accepted,user_0038
2023-01-24 13:18:33,inv_00753,declined,user_0172
2024-09-14 04:09:00,inv_00754,accepted,user_0008
2024-12-07 10:31:03,inv_00755,pending,user_0023
2024-04-05 21:50:55,inv_00756,accepted,user_0134
2024-02-14 18:25:36,inv_00757,accepted,user_0153
2023-09-10 01:38:30,inv_00758,declined,user_0059
2023-06-01 12:17:49,inv_00759,accepted,user_0185
2024-12-19 22:53:52,inv_00760,declined,user_0058
2023-09-27 12:14:03,inv_00761,pending,user_0144
2023-08-02 00:44:22,inv_00762,accepted,user_0026
2023-08-19 04:43:23,inv_00763,accepted,user_0079
2024-05-07 09:15:50,inv_00764,declined,user_0175
2023-01-22 13:58:16,inv_00765,declined,user_0096
2024-04-01 03:35:40,inv_00766,accepted,user_0168
2023-05-02 17:11:06,inv_00767,accepted,user_0147
2023-09-14 16:29:38,inv_00768,pending,user_0117
2023-11-12 00:25:10,inv_00769,accepted,user_0172
2024-12-27 22:52:07,inv_00770,accepted,user_0099
2023-01-18 02:06:51,inv_00771,pending,user_0154
2024-12-11 13:12:57,inv_00772,pending,user_0052
2024-02-11 04:49:11,inv_00773,accepted,user_0165
2023-12-25 06:03:37,inv_00774,accepted,user_0077
2023-06-21 08:16:09,inv_00775,declined,user_0047
2024-11-03 11:00:30,inv_00776,accepted,user_0200
2023-04-07 03:20:17,inv_00777,accepted,user_0014
2024-03-19 04:46:22,inv_00778,pending,user_0154
2024-09-12 06:11:12,inv_00779,accepted,user_0047
2023-03-12 19:05:11,inv_00780,declined,user_0094
2023-06-09 08:42:36,inv_00781,declined,user_0106
2024-12-25 06:08:00,inv_00782,declined,user_0141
2024-02-21 15:27:09,inv_00783,pending,user_0139
2023-05-11 09:27:54,inv_00784,accepted,user_0002
2023-04-27 03:44:20,inv_00785,declined,user_0158
2024-07-21 14:13:56,inv_00786,declined,user_0115
2024-06-20 03:45:05,inv_00787,pending,user_0024
2023-10-20 19:33:40,inv_00788,declined,user_0082
2023-10-26 05:12:12,inv_00789,pending,user_0023
2024-07-02 10:26:30,inv_00790,accepted,user_0117
2023-11-02 06:30:48,inv_00791,accepted,user_0070
2024-03-13 10:50:03,inv_00792,accepted,user_0110
2023-08-22 03:56:57,inv_00793,accepted,user_0075
2023-09-23 02:49:13,inv_00794,accepted,user_0135
2023-03-19 02:47:28,inv_00795,accepted,user_0175
2024-10-07 20:57:28,inv_00796,pending,user_0122
2024-12-01 23:23:39,inv_00797,accepted,user_0138
2024-07-10 01:54:53,inv_00798,accepted,user_0085
2023-08-20 23:25:10,inv_00799,declined,user_0119
2024-01-27 00:11:09,inv_00800,accepted,user_0158
2023-10-14 06:52:38,inv_00801,accepted,user_0176
2024-09-19 02:40:17,inv_00802,accepted,user_0025
2023-12-28 05:28:40,inv_00803,accepted,user_0113
2023-12-05 15:46:20,inv_00804,pending,user_0024
2024-08-26 01:56:43,inv_00805,pending,user_0012
2023-11-25 02:28:04,inv_00806,pending,user_0199
2024-11-05 10:54:46,inv_00807,pending,user_0162
2023-05-10 16:01:06,inv_00808,accepted,user_0131
2023-07-30 12:54:17,inv_00809,declined,user_0134
2024-01-24 20:18:11,inv_00810,declined,user_0059
2023-09-01 20:38:27,inv_00811,pending,user_0155
2023-12-05 17:39:23,inv_00812,accepted,user_0083
2023-05-06 18:10:55,inv_00813,accepted,user_0072
2024-10-24 07:33:40,inv_00814,accepted,user_0036
2023-10-07 20:21:07,inv_00815,accepted,user_0061
2024-04-21 18:23:10,inv_00816,declined,user_0100
2024-12-12 04:48:51,inv_00817,accepted,user_0199
2023-10-27 12:20:50,inv_00818,accepted,user_0193
2024-04-09 14:01:25,inv_00819,declined,user_0133
2024-03-27 18:42:24,inv_00820,accepted,user_0170
2023-04-12 03:46:55,inv_00821,accepted,user_0142
2024-03-28 13:00:12,inv_00822,pending,user_0065
2024-12-30 04:54:04,inv_00823,declined,user_0012
2024-03-13 16:26:03,inv_00824,declined,user_0130
2024-06-18 11:13:58,inv_00825,pending,user_0014
2024-11-21 04:58:03,inv_00826,accepted,user_0067
2023-08-26 06:21:21,inv_00827,accepted,user_0115
2023-07-02 10:57:43,inv_00828,accepted,user_0099
2024-02-20 14:14:37,inv_00829,accepted,user_0067
2023-12-11 11:55:31,inv_00830,accepted,user_0014
2023-03-08 09:43:55,inv_00831,accepted,user_0162
2023-09-28 07:35:03,inv_00832,accepted,user_0045
2024-06-26 08:45:12,inv_00833,declined,user_0137
2024-10-06 23:08:19,inv_00834,accepted,user_0138
2024-04-22 12:06:47,inv_00835,pending,user_0136
2024-02-08 00:02:41,inv_00836,accepted,user_0157
2024-09-22 07:26:18,inv_00837,declined,user_0061
2024-09-12 17:24:50,inv_00838,declined,user_0182
2023-04-28 19:21:53,inv_00839,pending,user_0167
2023-09-27 10:00:24,inv_00840,accepted,user_0033
2024-09-30 11:52:17,inv_00841,accepted,user_0151
2023-05-08 21:41:47,inv_00842,accepted,user_0072
2024-11-15 02:42:30,inv_00843,declined,user_0127
2024-11-03 14:40:37,inv_00844,accepted,user_0168
2023-08-24 14:07:40,inv_00845,accepted,user_0102
2023-08-02 21:02:35,inv_00846,accepted,user_0023
2024-10-14 22:41:16,inv_00847,accepted,user_0059
2023-06-01 02:46:02,inv_00848,accepted,user_0178
2023-12-03 15:51:58,inv_00849,pending,user_0100
2023-06-28 21:13:22,inv_00850,declined,user_0192
2024-03-16 08:55:20,inv_00851,accepted,user_0056
2024-12-23 11:46:39,inv_00852,declined,user_0171
2024-08-04 15:07:20,inv_00853,accepted,user_0127
2024-12-11 03:32:55,inv_00854,declined,user_0084
2024-01-01 03:45:56,inv_00855,accepted,user_0058
2023-03-23 03:28:33,inv_00856,declined,user_0128
2024-03-16 22:11:56,inv_00857,accepted,user_0140
2023-08-30 19:39:42,inv_00858,accepted,user_0164
2024-11-02 17:07:47,inv_00859,accepted,user_0134
2023-04-27 06:21:02,inv_00860,accepted,user_0032
2023-12-04 09:57:29,inv_00861,accepted,user_0193
2024-12-03 14:32:41,inv_00862,pending,user_0188
2023-01-06 00:35:44,inv_00863,accepted,user_0182
2023-01-24 14:17:29,inv_00864,accepted,user_0152
2024-05-09 02:48:14,inv_00865,declined,user_0157
2024-09-24 22:56:19,inv_00866,accepted,user_0008
2024-12-27 17:45:55,inv_00867,accepted,user_0013
2024-09-21 09:12:01,inv_00868,accepted,user_0063
2023-02-21 08:48:19,inv_00869,declined,user_0025
2023-11-01 11:24:35,inv_00870,declined,user_0157
2023-07-09 19:42:44,inv_00871,pending,user_0187
2024-06-06 15:54:34,inv_00872,accepted,user_0061
2023-03-30 07:36:15,inv_00873,accepted,user_0088
2024-07-20 21:58:16,inv_00874,pending,user_0125
2024-04-17 09:00:18,inv_00875,declined,user_0026
2024-01-25 22:40:21,inv_00876,pending,user_0084
2023-01-18 07:34:35,inv_00877,accepted,user_0196
2023-12-17 23:44:54,inv_00878,accepted,user_0022
2024-06-14 00:04:34,inv_00879,accepted,user_0135
2023-08-02 20:42:46,inv_00880,accepted,user_0185
2023-10-18 19:54:38,inv_00881,accepted,user_0062
2024-08-23 06:58:19,inv_00882,accepted,user_0122
2024-07-15 04:42:06,inv_00883,accepted,user_0118
2023-09-23 06:17:58,inv_00884,declined,user_0146
2024-06-07 03:15:48,inv_00885,accepted,user_0010
2024-01-09 10:31:33,inv_00886,accepted,user_0031
2024-04-19 05:30:51,inv_00887,pending,user_0026
2023-11-09 20:52:16,inv_00888,accepted,user_0183
2023-04-01 13:28:33,inv_00889,accepted,user_0109
2023-04-17 13:38:06,inv_00890,declined,user_0090
2023-07-11 14:59:03,inv_00891,accepted,user_0126
2024-08-25 10:00:17,inv_00892,declined,user_0025
2024-07-04 02:41:02,inv_00893,accepted,user_0120
2023-03-23 14:27:03,inv_00894,accepted,user_0180
2023-05-04 08:03:53,inv_00895,pending,user_0018
2023-10-29 09:53:10,inv_00896,declined,user_0152
2023-09-06 01:54:09,inv_00897,declined,user_0108
2024-10-28 11:18:53,inv_00898,accepted,user_0143
2024-08-03 18:05:25,inv_00899,accepted,user_0128
2023-06-03 08:41:20,inv_00900,accepted,user_0008
2023-03-12 21:38:32,inv_00901,accepted,user_0043
2024-04-13 16:27:47,inv_00902,accepted,user_0024
2023-02-24 01:41:55,inv_00903,accepted,user_0117
2024-10-18 09:54:06,inv_00904,accepted,user_0102
2023-12-25 20:25:40,inv_00905,accepted,user_0065
2023-06-28 15:38:32,inv_00906,accepted,user_0026
2023-07-09 19:11:31,inv_00907,declined,user_0074
2023-08-04 13:31:01,inv_00908,accepted,user_0154
2023-11-21 14:39:16,inv_00909,accepted,user_0066
2024-07-28 18:47:29,inv_00910,accepted,user_0168
2024-05-25 16:19:13,inv_00911,declined,user_0014
2024-02-19 19:24:37,inv_00912,declined,user_0161
2024-03-09 22:22:51,inv_00913,pending,user_0185
2024-07-09 18:22:27,inv_00914,declined,user_0167
2023-04-19 01:22:48,inv_00915,accepted,user_0129
2023-07-30 13:18:04,inv_00916,accepted,user_0094
2023-06-11 08:17:50,inv_00917,declined,user_0037
2023-09-28 17:18:41,inv_00918,accepted,user_0018
2023-09-22 18:55:42,inv_00919,accepted,user_0158
2023-08-01 14:08:40,inv_00920,declined,user_0155
2024-11-20 16:45:15,inv_00921,accepted,user_0188
2023-04-26 13:27:31,inv_00922,pending,user_0177
2024-04-07 17:49:58,inv_00923,accepted,user_0113
2023-12-13 22:59:25,inv_00924,declined,user_0030
2023-11-18 02:23:18,inv_00925,pending,user_0173
2023-08-04 06:17:27,inv_00926,declined,user_0100
2024-06-26 22:12:18,inv_00927,accepted,user_0021
2024-05-22 09:50:44,inv_00928,pending,user_0182
2023-04-17 23:08:16,inv_00929,accepted,user_0144
2023-08-02 09:40:19,inv_00930,accepted,user_0018
2023-10-08 11:39:04,inv_00931,pending,user_0162
2024-04-09 20:04:33,inv_00932,accepted,user_0149
2023-01-21 10:38:32,inv_00933,accepted,user_0159
2023-06-04 12:19:08,inv_00934,accepted,user_0010
2023-08-10 03:47:56,inv_00935,declined,user_0105
2024-03-02 11:47:35,inv_00936,accepted,user_0004
2023-07-09 09:03:32,inv_00937,declined,user_0015
2024-06-10 10:21:42,inv_00938,accepted,user_0053
2024-06-28 04:24:38,inv_00939,accepted,user_0187
2024-12-28 03:58:44,inv_00940,pending,user_0055
2023-10-24 06:23:52,inv_00941,accepted,user_0190
2024-03-27 11:25:08,inv_00942,accepted,user_0170
2023-05-05 09:35:07,inv_00943,accepted,user_0156
2023-09-09 06:37:16,inv_00944,declined,user_0122
2023-04-24 18:57:45,inv_00945,declined,user_0135
2024-09-14 09:44:07,inv_00946,pending,user_0139
2023-08-18 10:28:12,inv_00947,accepted,user_0157
2023-10-01 06:49:56,inv_00948,accepted,user_0162
2024-09-23 17:57:36,inv_00949,declined,user_0116
2023-12-21 05:30:22,inv_00950,declined,user_0125
2023-05-04 10:59:51,inv_00951,declined,user_0116
2024-01-19 10:08:59,inv_00952,declined,user_0094
2023-05-09 00:47:11,inv_00953,accepted,user_0025
2024-10-16 21:46:50,inv_00954,accepted,user_0184
2023-01-11 09:21:18,inv_00955,declined,user_0102
2024-11-22 06:32:00,inv_00956,accepted,user_0040
2023-09-07 22:16:11,inv_00957,accepted,user_0120
2023-08-14 19:04:52,inv_00958,accepted,user_0093
2023-06-13 17:54:39,inv_00959,accepted,user_0191
2023-07-23 04:05:18,inv_00960,accepted,user_0119
2024-07-21 22:48:41,inv_00961,accepted,user_0178
2024-07-30 04:05:05,inv_00962,declined,user_0011
2024-04-19 11:56:29,inv_00963,accepted,user_0188
2023-09-18 05:54:20,inv_00964,declined,user_0192
2023-12-02 07:18:59,inv_00965,declined,user_0132
2024-10-28 06:32:52,inv_00966,accepted,user_0159
2024-10-23 14:24:41,inv_00967,accepted,user_0074
2024-09-05 04:23:57,inv_00968,accepted,user_0054
2024-09-09 09:28:07,inv_00969,accepted,user_0080
2024-07-25 15:41:30,inv_00970,accepted,user_0056
2024-01-18 14:33:11,inv_00971,accepted,user_0117
2023-06-16 17:03:55,inv_00972,declined,user_0094
2023-05-28 20:19:31,inv_00973,pending,user_0099
2024-04-29 21:33:22,inv_00974,accepted,user_0044
2023-10-18 21:33:58,inv_00975,accepted,user_0005
2023-03-14 03:40:37,inv_00976,pending,user_0195
2023-08-29 13:06:15,inv_00977,declined,user_0080
2023-02-19 01:18:15,inv_00978,accepted,user_0068
2024-02-08 21:32:38,inv_00979,pending,user_0137
2024-01-26 08:53:16,inv_00980,accepted,user_0004
2024-06-25 02:50:17,inv_00981,declined,user_0085
2024-09-29 00:13:31,inv_00982,declined,user_0117
2024-12-09 10:03:36,inv_00983,accepted,user_0095
2023-02-10 20:40:42,inv_00984,accepted,user_0016
2024-02-18 16:37:18,inv_00985,accepted,user_0111
2023-07-01 00:28:06,inv_00986,accepted,user_0070
2023-07-06 22:22:57,inv_00987,accepted,user_0015
2024-06-23 18:54:53,inv_00988,accepted,user_0107
2024-05-18 11:31:37,inv_00989,accepted,user_0180
2024-04-20 02:08:32,inv_00990,accepted,user_0159
2023-06-28 21:55:30,inv_00991,accepted,user_0094
2024-05-18 10:26:53,inv_00992,declined,user_0080
2023-11-29 22:16:37,inv_00993,accepted,user_0044
2023-01-30 08:52:42,inv_00994,declined,user_0164
2024-03-20 16:05:33,inv_00995,declined,user_0126
2024-02-07 22:36:48,inv_00996,accepted,user_0130
2023-03-08 16:36:47,inv_00997,accepted,user_0156
2023-05-19 17:02:53,inv_00998,declined,user_0112
2024-08-29 09:43:49,inv_00999,accepted,user_0040
2023-02-16 11:28:47,inv_01000,pending,user_0063
2024-10-21 06:54:01,inv_01001,accepted,user_0063
2024-01-17 11:12:39,inv_01002,declined,user_0017
2023-02-14 10:21:24,inv_01003,declined,user_0038
2023-06-16 03:18:39,inv_01004,accepted,user_0128
2024-03-03 13:04:04,inv_01005,accepted,user_0164
2024-02-29 07:51:29,inv_01006,accepted,user_0160
2023-12-05 22:01:58,inv_01007,accepted,user_0182
2024-01-27 23:04:38,inv_01008,accepted,user_0187
2024-07-24 10:20:54,inv_01009,accepted,user_0025
2023-08-21 18:23:53,inv_01010,declined,user_0077
2024-04-07 18:01:40,inv_01011,accepted,user_0142
2023-05-24 09:22:49,inv_01012,declined,user_0172
2023-03-26 23:26:23,inv_01013,accepted,user_0124
2023-03-02 20:55:34,inv_01014,accepted,user_0025
2023-05-25 02:22:55,inv_01015,pending,user_0035
2024-01-31 22:18:07,inv_01016,accepted,user_0079
2023-06-06 22:41:37,inv_01017,accepted,user_0175
2023-12-22 16:16:52,inv_01018,accepted,user_0175
2024-02-20 14:38:55,inv_01019,accepted,user_0145
2024-02-29 15:37:16,inv_01020,accepted,user_0089
2024-09-20 15:09:25,inv_01021,accepted,user_0023
2023-03-23 09:53:55,inv_01022,accepted,user_0122
2024-10-09 03:47:10,inv_01023,accepted,user_0017
2024-07-21 11:58:31,inv_01024,declined,user_0029
2023-05-23 04:52:27,inv_01025,pending,user_0002
2024-08-11 05:01:04,inv_01026,accepted,user_0011
2024-03-24 12:31:14,inv_01027,accepted,user_0016
2023-11-30 01:34:39,inv_01028,accepted,user_0179
2023-01-01 08:40:28,inv_01029,accepted,user_0081
2024-07-04 19:53:44,inv_01030,declined,user_0021
2024-03-14 23:43:28,inv_01031,declined,user_0021
2023-12-26 14:26:31,inv_01032,accepted,user_0006
2023-05-09 20:50:18,inv_01033,accepted,user_0046
2024-01-06 07:46:22,inv_01034,accepted,user_0023
2024-01-11 08:47:17,inv_01035,declined,user_0058
2024-11-25 13:09:12,inv_01036,declined,user_0185
2023-08-07 17:38:41,inv_01037,accepted,user_0189
2024-09-25 02:24:43,inv_01038,accepted,user_0039
2023-07-01 18:51:55,inv_01039,accepted,user_0173
2023-07-20 23:03:06,inv_01040,declined,user_0157
2024-02-14 17:21:03,inv_01041,accepted,user_0031
2023-08-14 10:14:46,inv_01042,accepted,user_0002
2023-11-18 05:34:02,inv_01043,accepted,user_0086
2024-12-14 09:03:07,inv_01044,accepted,user_0165
2024-11-21 08:36:42,inv_01045,accepted,user_0044
2023-12-22 22:24:33,inv_01046,declined,user_0198
2023-08-22 00:30:58,inv_01047,accepted,user_0127
2024-12-12 06:41:20,inv_01048,pending,user_0063
2023-12-10 11:16:15,inv_01049,declined,user_0122
2023-04-30 02:03:10,inv_01050,accepted,user_0075
2023-02-17 20:36:07,inv_01051,declined,user_0053
2023-11-12 08:54:04,inv_01052,accepted,user_0076
2023-08-11 09:18:35,inv_01053,accepted,user_0131
2024-11-06 11:10:27,inv_01054,pending,user_0094
2023-11-20 12:50:05,inv_01055,accepted,user_0019
2024-04-10 15:42:35,inv_01056,accepted,user_0045
2024-01-29 04:05:54,inv_01057,accepted,user_0189
2023-05-14 08:07:38,inv_01058,accepted,user_0055
2024-07-22 12:25:55,inv_01059,accepted,user_0199
2024-07-10 21:10:42,inv_01060,accepted,user_0029
2023-06-05 15:33:07,inv_01061,accepted,user_0048
2024-01-02 07:10:47,inv_01062,declined,user_0072
2023-08-22 14:40:40,inv_01063,declined,user_0063
2024-01-23 04:35:58,inv_01064,accepted,user_0149
2023-03-17 03:06:28,inv_01065,accepted,user_0057
2023-08-08 01:04:33,inv_01066,accepted,user_0013
2024-03-20 22:54:27,inv_01067,accepted,user_0155
2024-02-21 20:04:03,inv_01068,accepted,user_0196
2023-04-23 20:33:02,inv_01069,declined,user_0088
2023-04-25 03:54:46,inv_01070,accepted,user_0192
2024-07-13 11:16:55,inv_01071,accepted,user_0105
2024-07-27 15:24:39,inv_01072,pending,user_0009
2024-09-14 05:17:58,inv_01073,declined,user_0074
2024-03-21 09:21:32,inv_01074,accepted,user_0075
2023-04-25 16:57:50,inv_01075,accepted,user_0097
2024-11-29 09:30:22,inv_01076,pending,user_0135
2024-12-17 05:49:30,inv_01077,accepted,user_0139
2024-04-22 01:09:21,inv_01078,accepted,user_0109
2024-07-29 18:52:33,inv_01079,accepted,user_0028
2024-07-23 05:18:21,inv_01080,accepted,user_0102
2023-07-16 15:35:36,inv_01081,accepted,user_0094
2024-11-11 23:25:08,inv_01082,declined,user_0119
2023-12-11 13:07:08,inv_01083,accepted,user_0072
2024-09-17 01:16:53,inv_01084,declined,user_0027
2023-08-10 15:23:22,inv_01085,accepted,user_0150
2023-04-16 20:09:50,inv_01086,accepted,user_0170
2023-09-01 14:48:44,inv_01087,declined,user_0160
2023-09-16 08:54:58,inv_01088,pending,user_0142
2024-06-28 00:08:53,inv_01089,pending,user_0154
2023-11-25 06:52:55,inv_01090,accepted,user_0183
2023-11-07 11:13:09,inv_01091,accepted,user_0071
2023-10-15 06:51:34,inv_01092,declined,user_0183
2023-11-01 12:00:22,inv_01093,accepted,user_0173
2024-07-10 10:08:32,inv_01094,declined,user_0030
2023-10-22 23:30:03,inv_01095,pending,user_0066
2024-12-08 03:16:21,inv_01096,accepted,user_0099
2023-09-16 03:16:53,inv_01097,declined,user_0154
2024-08-10 22:05:44,inv_01098,accepted,user_0089
2024-12-12 17:45:01,inv_01099,pending,user_0129
2024-07-13 22:41:29,inv_01100,declined,user_0152
2023-01-15 05:16:58,inv_01101,accepted,user_0055
2024-05-29 04:01:03,inv_01102,declined,user_0102
2023-06-02 06:49:49,inv_01103,declined,user_0065
2024-06-07 04:06:20,inv_01104,accepted,user_0025
2023-08-04 04:50:29,inv_01105,pending,user_0098
2023-09-30 15:17:06,inv_01106,accepted,user_0042
2023-08-23 22:44:18,inv_01107,pending,user_0044
2024-07-31 08:55:04,inv_01108,accepted,user_0069
2023-08-26 18:00:12,inv_01109,accepted,user_0105
2024-02-13 18:42:50,inv_01110,accepted,user_0140
2023-05-26 14:24:05,inv_01111,accepted,user_0008
2023-06-06 22:26:49,inv_01112,declined,user_0106
2024-01-03 03:34:07,inv_01113,accepted,user_0063
2024-09-17 04:11:17,inv_01114,pending,user_0148
2023-03-19 23:44:30,inv_01115,accepted,user_0168
2023-06-27 11:46:28,inv_01116,accepted,user_0073
2023-08-26 14:27:46,inv_01117,pending,user_0124
2023-12-17 04:02:27,inv_01118,declined,user_0005
2024-06-10 12:32:41,inv_01119,declined,user_0129
2023-12-10 00:09:11,inv_01120,accepted,user_0011
2024-12-09 22:15:11,inv_01121,declined,user_0132
2023-02-03 13:55:08,inv_01122,accepted,user_0166
2024-04-26 09:00:26,inv_01123,pending,user_0017
2024-05-17 02:16:22,inv_01124,declined,user_0068
2024-10-25 11:42:22,inv_01125,declined,user_0160
2023-12-22 12:57:51,inv_01126,declined,user_0005
2023-07-24 12:05:54,inv_01127,accepted,user_0150
2024-03-18 21:28:07,inv_01128,declined,user_0082
2023-10-01 18:19:55,inv_01129,accepted,user_0067
2023-03-16 01:13:38,inv_01130,accepted,user_0011
2024-04-11 22:17:39,inv_01131,accepted,user_0153
2023-07-21 12:19:47,inv_01132,accepted,user_0042
2023-09-27 16:44:36,inv_01133,declined,user_0035
2024-11-05 05:34:43,inv_01134,accepted,user_0079
2023-03-23 01:15:34,inv_01135,declined,user_0059
2023-04-09 00:40:06,inv_01136,declined,user_0117
2024-07-01 08:57:18,inv_01137,accepted,user_0048
2023-08-25 22:02:14,inv_01138,accepted,user_0003
2024-07-19 22:15:20,inv_01139,accepted,user_0024
2023-10-30 01:22:46,inv_01140,accepted,user_0119
2023-04-21 19:03:20,inv_01141,accepted,user_0197
2023-04-20 19:21:03,inv_01142,accepted,user_0101
2023-08-07 03:57:02,inv_01143,declined,user_0033
2023-05-26 23:54:00,inv_01144,accepted,user_0070
2023-03-06 05:51:01,inv_01145,accepted,user_0175
2023-06-29 00:22:16,inv_01146,pending,user_0053
2024-02-23 02:17:06,inv_01147,pending,user_0173
2024-07-10 20:01:51,inv_01148,declined,user_0199
2023-07-10 07:47:57,inv_01149,accepted,user_0057
2024-01-23 15:36:05,inv_01150,declined,user_0198
2023-08-01 17:40:03,inv_01151,accepted,user_0040
2023-01-16 22:50:37,inv_01152,accepted,user_0003
2024-07-17 15:12:16,inv_01153,accepted,user_0049
2023-02-19 15:25:42,inv_01154,accepted,user_0014
2024-07-27 16:58:49,inv_01155,pending,user_0125
2024-06-03 07:46:30,inv_01156,declined,user_0148
2023-08-18 04:36:03,inv_01157,accepted,user_0194
2024-09-15 00:09:06,inv_01158,accepted,user_0025
2024-10-22 17:24:47,inv_01159,accepted,user_0004
2023-11-22 11:07:23,inv_01160,pending,user_0169
2024-10-07 17:55:58,inv_01161,accepted,user_0063
2023-05-15 10:07:59,inv_01162,accepted,user_0176
2023-12-08 21:04:42,inv_01163,accepted,user_0055
2023-12-03 09:16:50,inv_01164,accepted,user_0002
2023-09-01 02:22:19,inv_01165,pending,user_0023
2024-05-09 16:45:26,inv_01166,pending,user_0108
2024-05-28 23:08:11,inv_01167,accepted,user_0176
2023-07-06 09:52:05,inv_01168,accepted,user_0119
2024-06-29 18:49:58,inv_01169,accepted,user_0015
2023-01-17 21:22:59,inv_01170,declined,user_0051
2023-03-29 00:12:59,inv_01171,accepted,user_0152
2023-10-27 20:50:49,inv_01172,accepted,user_0020
2023-10-17 07:18:56,inv_01173,accepted,user_0056
2023-12-22 00:59:02,inv_01174,accepted,user_0038
2023-02-05 01:30:16,inv_01175,declined,user_0025
2024-01-21 17:31:19,inv_01176,accepted,user_0086
2024-10-28 11:26:53,inv_01177,accepted,user_0180
2024-01-09 22:49:27,inv_01178,declined,user_0179
2023-01-12 19:50:46,inv_01179,declined,user_0175
2023-11-16 03:51:54,inv_01180,accepted,user_0068
2023-01-24 10:06:43,inv_01181,accepted,user_0080
2024-01-04 01:47:11,inv_01182,declined,user_0064
2024-08-05 17:50:05,inv_01183,accepted,user_0171
2024-07-30 19:12:32,inv_01184,declined,user_0071
2023-12-26 04:00:21,inv_01185,accepted,user_0088
2024-02-24 14:46:01,inv_01186,accepted,user_0057
2024-04-08 02:13:47,inv_01187,accepted,user_0167
2024-06-20 03:16:49,inv_01188,accepted,user_0119
2024-02-17 16:10:30,inv_01189,accepted,user_0029
2024-12-12 04:27:59,inv_01190,pending,user_0154
2024-07-23 19:54:19,inv_01191,accepted,user_0142
2024-01-24 04:28:40,inv_01192,declined,user_0064
2024-08-05 23:18:50,inv_01193,declined,user_0047
2024-09-09 19:09:52,inv_01194,accepted,user_0020
2023-03-06 01:02:02,inv_01195,declined,user_0007
2024-11-04 10:08:43,inv_01196,declined,user_0094
2024-03-21 07:45:05,inv_01197,accepted,user_0195
2024-12-25 20:28:45,inv_01198,accepted,user_0128
2024-07-02 21:25:00,inv_01199,pending,user_0114
2024-07-13 23:51:35,inv_01200,declined,user_0053
2023-11-11 14:11:12,inv_01201,declined,user_0193
2023-07-22 02:40:23,inv_01202,declined,user_0158
2023-11-26 10:34:33,inv_01203,declined,user_0066
2024-10-04 19:04:15,inv_01204,accepted,user_0143
2024-06-23 10:10:08,inv_01205,pending,user_0127
2024-04-19 19:46:24,inv_01206,declined,user_0070
2023-02-23 07:24:42,inv_01207,declined,user_0198
2024-04-17 22:09:15,inv_01208,accepted,user_0092
2023-09-06 01:27:58,inv_01209,pending,user_0120
2024-01-21 05:32:55,inv_01210,declined,user_0185
2024-05-20 14:06:34,inv_01211,declined,user_0153
2024-08-21 18:03:12,inv_01212,accepted,user_0023
2023-11-12 15:35:54,inv_01213,declined,user_0140
2023-01-16 16:23:29,inv_01214,accepted,user_0176
2024-02-24 13:24:25,inv_01215,declined,user_0112
2023-01-05 15:19:16,inv_01216,accepted,user_0138
2024-08-27 14:27:38,inv_01217,accepted,user_0145
2023-01-14 18:37:52,inv_01218,accepted,user_0180
2023-06-14 10:01:42,inv_01219,accepted,user_0119
2023-11-08 19:39:42,inv_01220,declined,user_0130
2023-07-08 23:06:13,inv_01221,accepted,user_0188
2023-06-12 17:01:57,inv_01222,accepted,user_0185
2024-05-07 09:54:40,inv_01223,declined,user_0081
2023-08-27 10:22:11,inv_01224,declined,user_0175
2023-12-01 03:50:17,inv_01225,pending,user_0071
2024-04-30 17:50:26,inv_01226,accepted,user_0141
2024-07-16 01:08:07,inv_01227,declined,user_0074
2024-02-24 08:09:39,inv_01228,accepted,user_0022
2023-09-16 21:23:09,inv_01229,declined,user_0126
2024-10-04 15:03:42,inv_01230,declined,user_0156
2024-09-25 02:05:58,inv_01231,declined,user_0183
2023-04-22 09:38:08,inv_01232,accepted,user_0178
2024-07-18 06:49:11,inv_01233,pending,user_0106
2023-05-31 11:38:45,inv_01234,pending,user_0124
2023-05-13 13:23:57,inv_01235,accepted,user_0078
2023-01-20 03:27:11,inv_01236,accepted,user_0147
2024-03-15 09:39:50,inv_01237,pending,user_0118
2024-09-08 15:06:52,inv_01238,accepted,user_0001
2024-07-23 00:11:44,inv_01239,accepted,user_0196
2024-01-30 06:08:09,inv_01240,declined,user_0184
2024-11-27 21:39:13,inv_01241,declined,user_0088
2023-08-28 01:07:03,inv_01242,accepted,user_0142
2023-08-19 04:41:27,inv_01243,accepted,user_0192
2023-06-17 23:25:10,inv_01244,accepted,user_0087
2023-06-02 10:18:11,inv_01245,pending,user_0069
2023-08-10 03:19:29,inv_01246,pending,user_0084
2023-11-06 17:26:57,inv_01247,declined,user_0150
2023-07-17 21:17:07,inv_01248,accepted,user_0110
2024-11-14 12:00:56,inv_01249,declined,user_0128
2023-06-08 13:58:16,inv_01250,accepted,user_0104
2023-09-17 09:38:25,inv_01251,declined,user_0172
2023-04-11 05:42:32,inv_01252,accepted,user_0122
2024-10-18 04:22:16,inv_01253,accepted,user_0177
2023-11-17 22:30:33,inv_01254,accepted,user_0099
2024-08-31 22:26:05,inv_01255,declined,user_0036
2023-10-01 19:59:46,inv_01256,pending,user_0197
2023-11-21 02:02:49,inv_01257,accepted,user_0088
2024-06-27 01:52:13,inv_01258,accepted,user_0162
2024-06-24 03:16:17,inv_01259,accepted,user_0037
2023-10-05 16:53:53,inv_01260,accepted,user_0051
2023-11-23 04:09:10,inv_01261,pending,user_0037
2023-10-19 09:36:07,inv_01262,accepted,user_0153
2023-05-31 02:40:38,inv_01263,declined,user_0086
2023-10-05 18:26:44,inv_01264,declined,user_0005
2024-08-17 14:01:47,inv_01265,accepted,user_0136
2023-03-09 18:45:49,inv_01266,declined,user_0053
2023-05-08 19:41:44,inv_01267,declined,user_0105
2024-10-28 16:43:18,inv_01268,declined,user_0111
2024-06-12 21:33:40,inv_01269,accepted,user_0027
2023-03-30 20:14:59,inv_01270,accepted,user_0061
2024-07-06 07:44:36,inv_01271,declined,user_0065
2023-03-29 20:40:40,inv_01272,accepted,user_0084
2023-12-24 01:10:46,inv_01273,pending,user_0199
2024-03-17 12:56:38,inv_01274,accepted,user_0045
2024-07-01 06:26:20,inv_01275,accepted,user_0131
2023-08-20 07:43:48,inv_01276,declined,user_0189
2023-05-20 09:59:22,inv_01277,accepted,user_0050
2024-12-20 03:51:53,inv_01278,accepted,user_0048
2024-08-06 20:20:31,inv_01279,accepted,user_0175
2023-09-20 16:43:13,inv_01280,accepted,user_0142
2023-07-06 08:35:06,inv_01281,accepted,user_0019
2023-03-23 18:06:22,inv_01282,accepted,user_0190
2023-11-30 13:49:46,inv_01283,declined,user_0134
2023-01-06 07:07:04,inv_01284,accepted,user_0135
2024-08-09 11:46:21,inv_01285,declined,user_0101
2023-10-20 05:24:08,inv_01286,pending,user_0090
2024-09-17 23:16:43,inv_01287,declined,user_0013
2023-09-16 22:00:46,inv_01288,declined,user_0101
2024-11-21 09:13:15,inv_01289,accepted,user_0046
2024-09-02 16:05:12,inv_01290,accepted,user_0033
2023-11-13 22:17:18,inv_01291,accepted,user_0116
2024-09-10 21:35:56,inv_01292,declined,user_0097
2023-08-08 12:09:59,inv_01293,declined,user_0041
2024-12-30 18:51:32,inv_01294,pending,user_0073
2023-03-03 15:35:23,inv_01295,declined,user_0197
2024-04-14 19:33:21,inv_01296,accepted,user_0029
2023-10-12 11:18:08,inv_01297,declined,user_0117
2023-12-11 02:15:09,inv_01298,accepted,user_0007
2024-11-25 10:56:10,inv_01299,declined,user_0095
2023-07-20 13:01:35,inv_01300,accepted,user_0182
2024-04-17 13:44:25,inv_01301,accepted,user_0011
2023-08-24 23:42:24,inv_01302,accepted,user_0042
2023-04-13 17:41:29,inv_01303,pending,user_0005
2023-07-01 18:26:49,inv_01304,declined,user_0175
2024-02-17 03:25:42,inv_01305,accepted,user_0002
2023-04-04 09:39:15,inv_01306,accepted,user_0043
2023-04-24 16:53:08,inv_01307,accepted,user_0004
2024-05-22 09:37:48,inv_01308,accepted,user_0081
2024-07-10 11:16:58,inv_01309,accepted,user_0119
2023-02-14 15:53:57,inv_01310,declined,user_0095
2024-08-08 17:42:08,inv_01311,declined,user_0191
2024-09-24 10:21:55,inv_01312,pending,user_0059
2024-04-27 11:52:56,inv_01313,accepted,user_0030
2023-09-29 08:15:17,inv_01314,pending,user_0130
2023-10-30 20:38:02,inv_01315,accepted,user_0088
2023-04-25 23:05:48,inv_01316,accepted,user_0074
2023-05-06 20:47:53,inv_01317,accepted,user_0128
2024-11-14 11:49:42,inv_01318,pending,user_0171
2024-12-05 16:03:33,inv_01319,pending,user_0096
2024-06-25 15:15:21,inv_01320,pending,user_0018
2024-08-14 12:48:02,inv_01321,accepted,user_0152
2023-05-13 13:53:21,inv_01322,declined,user_0165
2024-10-03 17:26:10,inv_01323,declined,user_0158
2023-03-21 20:32:25,inv_01324,accepted,user_0197
2023-04-29 12:47:14,inv_01325,accepted,user_0059
2023-12-30 05:10:13,inv_01326,declined,user_0151
2023-08-12 10:15:20,inv_01327,declined,user_0030
2024-04-01 11:28:29,inv_01328,declined,user_0196
2024-10-25 13:20:40,inv_01329,accepted,user_0169
2023-07-13 13:58:37,inv_01330,accepted,user_0051
2023-08-23 09:11:39,inv_01331,declined,user_0088
2024-07-25 18:52:15,inv_01332,declined,user_0067
2023-08-31 01:19:02,inv_01333,accepted,user_0143
2024-10-10 20:08:03,inv_01334,declined,user_0184
2023-01-25 23:34:58,inv_01335,accepted,user_0193
2024-09-28 13:56:02,inv_01336,accepted,user_0109
2024-10-28 21:52:04,inv_01337,accepted,user_0183
2023-02-03 22:40:13,inv_01338,accepted,user_0076
2023-10-03 05:41:03,inv_01339,accepted,user_0065
2024-03-12 21:51:03,inv_01340,pending,user_0002
2024-01-19 09:35:04,inv_01341,declined,user_0011
2023-04-26 11:11:00,inv_01342,pending,user_0076
2023-01-11 21:43:18,inv_01343,accepted,user_0092
2024-10-16 22:44:45,inv_01344,declined,user_0097
2023-03-09 06:00:38,inv_01345,pending,user_0170
2024-12-22 09:06:54,inv_01346,accepted,user_0003
2023-03-24 01:26:00,inv_01347,accepted,user_0041
2023-12-14 06:04:39,inv_01348,declined,user_0049
2024-12-18 20:37:16,inv_01349,accepted,user_0083
2024-09-16 23:34:48,inv_01350,accepted,user_0082
2024-01-27 19:27:38,inv_01351,pending,user_0037
2023-04-09 02:46:57,inv_01352,declined,user_0092
2024-03-16 09:18:34,inv_01353,accepted,user_0007
2024-04-09 21:42:13,inv_01354,accepted,user_0111
2023-08-16 08:16:08,inv_01355,accepted,user_0038
2023-12-09 17:24:42,inv_01356,accepted,user_0186
2024-10-21 02:30:33,inv_01357,accepted,user_0133
2023-04-04 14:02:22,inv_01358,accepted,user_0061
2024-04-24 03:40:38,inv_01359,accepted,user_0083
2023-09-24 21:00:33,inv_01360,pending,user_0167
2024-03-23 22:26:22,inv_01361,accepted,user_0028
2024-06-06 21:50:38,inv_01362,accepted,user_0185
2023-12-15 18:52:41,inv_01363,declined,user_0130
2024-06-30 13:33:19,inv_01364,accepted,user_0070
2024-09-13 22:29:15,inv_01365,declined,user_0156
2023-05-24 06:56:59,inv_01366,declined,user_0037
2023-06-10 02:19:51,inv_01367,pending,user_0120
2023-04-05 18:13:45,inv_01368,accepted,user_0096
2024-11-18 20:54:20,inv_01369,accepted,user_0183
2023-06-14 15:40:05,inv_01370,accepted,user_0101
2023-03-01 23:57:03,inv_01371,accepted,user_0082
2023-03-11 04:42:23,inv_01372,declined,user_0129
2023-10-22 19:15:03,inv_01373,declined,user_0003
2024-10-09 10:48:07,inv_01374,pending,user_0071
2023-03-18 19:35:53,inv_01375,accepted,user_0097
2023-06-15 03:26:02,inv_01376,declined,user_0085
2023-05-15 18:39:38,inv_01377,accepted,user_0142
2024-04-26 08:09:04,inv_01378,pending,user_0176
2023-08-28 21:31:23,inv_01379,accepted,user_0037
2024-12-11 23:43:19,inv_01380,declined,user_0131
2024-05-02 21:36:12,inv_01381,accepted,user_0177
2024-01-15 12:56:40,inv_01382,accepted,user_0101
2024-02-26 07:58:03,inv_01383,declined,user_0184
2024-10-07 00:22:16,inv_01384,pending,user_0188
2024-07-08 17:20:10,inv_01385,declined,user_0097
2023-04-07 03:30:30,inv_01386,accepted,user_0013
2023-11-05 01:48:25,inv_01387,accepted,user_0127
2024-04-27 16:15:21,inv_01388,accepted,user_0181
2024-02-27 22:32:13,inv_01389,declined,user_0050
2024-11-13 06:37:10,inv_01390,accepted,user_0147
2023-01-25 23:37:38,inv_01391,pending,user_0154
2024-10-23 09:22:28,inv_01392,declined,user_0181
2023-10-09 01:43:33,inv_01393,accepted,user_0057
2023-02-05 01:16:58,inv_01394,declined,user_0166
2023-05-25 11:08:26,inv_01395,declined,user_0137
2023-05-13 23:39:42,inv_01396,accepted,user_0046
2023-04-15 08:33:44,inv_01397,accepted,user_0094
2023-01-25 21:40:40,inv_01398,accepted,user_0086
2024-08-03 04:24:33,inv_01399,accepted,user_0132
2023-04-29 04:13:43,inv_01400,accepted,user_0199
2023-08-24 10:46:02,inv_01401,declined,user_0125
2024-02-22 14:57:34,inv_01402,accepted,user_0082
2023-12-20 04:57:43,inv_01403,pending,user_0178
2023-09-09 01:09:32,inv_01404,declined,user_0070
2024-04-03 23:03:01,inv_01405,pending,user_0093
2024-08-19 09:39:21,inv_01406,accepted,user_0133
2024-02-26 08:34:11,inv_01407,declined,user_0198
2023-11-27 00:51:50,inv_01408,pending,user_0162
2023-06-06 19:55:48,inv_01409,accepted,user_0193
2024-03-29 13:23:45,inv_01410,pending,user_0146
2024-02-03 11:48:27,inv_01411,accepted,user_0027
2023-03-28 00:11:28,inv_01412,accepted,user_0010
2023-07-23 21:25:37,inv_01413,accepted,user_0130
2024-07-15 00:18:49,inv_01414,accepted,user_0189
2024-11-05 10:28:34,inv_01415,pending,user_0118
2023-09-04 04:42:01,inv_01416,accepted,user_0150
2024-10-13 13:04:13,inv_01417,accepted,user_0138
2023-07-06 08:34:59,inv_01418,declined,user_0059
2024-08-12 02:26:18,inv_01419,declined,user_0121
2023-12-22 18:27:43,inv_01420,accepted,user_0091
2024-02-05 16:44:30,inv_01421,declined,user_0140
2024-04-29 04:06:22,inv_01422,accepted,user_0063
2024-05-02 15:34:56,inv_01423,declined,user_0015
2023-09-07 22:24:37,inv_01424,pending,user_0191
2024-01-14 22:09:27,inv_01425,accepted,user_0193
2023-02-16 01:49:24,inv_01426,accepted,user_0166
2023-09-24 18:11:51,inv_01427,accepted,user_0105
2024-04-13 20:58:04,inv_01428,accepted,user_0006
2024-12-05 06:28:55,inv_01429,accepted,user_0134
2023-04-03 03:31:03,inv_01430,accepted,user_0038
2023-06-15 19:13:51,inv_01431,accepted,user_0048
2023-11-30 22:14:01,inv_01432,accepted,user_0015
2023-03-23 03:07:10,inv_01433,accepted,user_0072
2024-02-06 20:08:33,inv_01434,accepted,user_0029
2023-08-04 20:53:57,inv_01435,declined,user_0002
2024-09-29 12:20:02,inv_01436,pending,user_0075
2023-08-13 03:10:21,inv_01437,accepted,user_0144
2023-11-15 09:35:42,inv_01438,accepted,user_0186
2024-12-19 13:08:27,inv_01439,accepted,user_0088
2023-03-02 13:35:10,inv_01440,declined,user_0162
2024-09-24 21:16:13,inv_01441,pending,user_0171
2024-01-04 10:45:34,inv_01442,declined,user_0024
2023-10-18 05:13:04,inv_01443,accepted,user_0102
2024-11-18 02:41:42,inv_01444,pending,user_0025
2024-12-29 22:30:17,inv_01445,declined,user_0169
2023-05-23 06:15:44,inv_01446,accepted,user_0117
2024-09-05 05:01:28,inv_01447,declined,user_0033
2023-06-11 22:56:10,inv_01448,accepted,user_0108
2023-01-13 04:55:15,inv_01449,accepted,user_0043
2024-06-19 09:23:02,inv_01450,accepted,user_0017
2023-09-16 08:58:02,inv_01451,accepted,user_0007
2024-03-14 16:24:14,inv_01452,declined,user_0187
2023-04-21 19:01:52,inv_01453,declined,user_0027
2024-09-19 17:54:25,inv_01454,accepted,user_0036
2024-01-19 06:47:32,inv_01455,accepted,user_0147
2024-08-07 04:33:18,inv_01456,accepted,user_0015
2023-09-22 17:44:08,inv_01457,declined,user_0070
2023-06-18 05:01:13,inv_01458,accepted,user_0185
2024-11-22 10:18:16,inv_01459,declined,user_0069
2024-01-23 12:50:37,inv_01460,pending,user_0053
2023-10-01 08:45:05,inv_01461,accepted,user_0197
2023-03-15 02:25:08,inv_01462,accepted,user_0002
2023-05-01 21:56:03,inv_01463,accepted,user_0107
2024-04-08 01:09:25,inv_01464,accepted,user_0146
2024-03-27 06:35:17,inv_01465,accepted,user_0160
2024-09-07 13:32:37,inv_01466,declined,user_0113
2024-07-02 07:20:42,inv_01467,accepted,user_0126
2023-04-21 23:56:05,inv_01468,accepted,user_0157
2024-11-18 19:12:13,inv_01469,accepted,user_0049
2024-03-21 01:20:25,inv_01470,pending,user_0116
2024-09-18 13:19:54,inv_01471,accepted,user_0060
2023-07-23 05:56:33,inv_01472,declined,user_0127
2024-12-01 02:40:28,inv_01473,accepted,user_0028
2024-11-23 16:42:44,inv_01474,declined,user_0086
2023-08-05 10:37:02,inv_01475,pending,user_0155
2024-10-19 16:45:35,inv_01476,accepted,user_0136
2024-12-10 13:35:43,inv_01477,accepted,user_0200
2024-10-14 10:24:12,inv_01478,declined,user_0151
2023-12-08 15:25:57,inv_01479,pending,user_0032
2023-04-10 08:49:12,inv_01480,accepted,user_0015
2024-11-15 20:16:16,inv_01481,accepted,user_0091
2023-01-01 06:11:43,inv_01482,accepted,user_0128
2023-07-03 11:17:17,inv_01483,declined,user_0123
2024-02-10 16:52:09,inv_01484,pending,user_0196
2023-08-16 11:19:32,inv_01485,accepted,user_0168
2024-11-04 19:52:25,inv_01486,accepted,user_0096
2024-03-23 13:48:52,inv_01487,accepted,user_0057
2024-12-01 06:30:40,inv_01488,declined,user_0047
2023-02-13 05:34:24,inv_01489,pending,user_0101
2023-10-27 13:46:45,inv_01490,declined,user_0118
2023-04-15 23:13:41,inv_01491,declined,user_0010
2024-08-23 09:10:14,inv_01492,accepted,user_0184
2024-07-12 03:40:05,inv_01493,pending,user_0117
2024-08-12 02:26:04,inv_01494,declined,user_0092
2024-11-25 03:57:14,inv_01495,accepted,user_0180
2023-06-26 23:57:10,inv_01496,declined,user_0063
2024-07-28 00:12:04,inv_01497,accepted,user_0179
2024-04-16 15:24:09,inv_01498,declined,user_0070
2023-10-13 10:18:50,inv_01499,pending,user_0137
2023-05-22 03:51:54,inv_01500,accepted,user_0094
2024-09-01 01:26:40,inv_01501,declined,user_0041
2023-02-21 11:42:51,inv_01502,accepted,user_0040
2024-12-04 06:01:14,inv_01503,pending,user_0016
2023-07-21 15:20:13,inv_01504,accepted,user_0025
2024-10-13 15:01:35,inv_01505,declined,user_0138
2023-04-01 03:13:09,inv_01506,accepted,user_0158
2024-06-23 22:45:19,inv_01507,accepted,user_0009
2024-11-20 08:51:22,inv_01508,accepted,user_0040
2023-04-21 20:20:43,inv_01509,accepted,user_0057
2023-11-20 16:02:28,inv_01510,pending,user_0046
2024-05-05 17:36:39,inv_01511,accepted,user_0119
2024-07-09 05:26:31,inv_01512,accepted,user_0007
2023-01-08 20:40:24,inv_01513,accepted,user_0171
2023-03-27 14:57:21,inv_01514,accepted,user_0116
2023-08-16 03:32:00,inv_01515,accepted,user_0128
2023-03-16 21:45:57,inv_01516,pending,user_0176
2024-04-03 20:07:16,inv_01517,accepted,user_0113
2023-12-10 21:50:07,inv_01518,declined,user_0119
2024-04-27 02:35:00,inv_01519,declined,user_0104
2023-08-07 03:21:54,inv_01520,declined,user_0057
2023-04-02 03:37:33,inv_01521,pending,user_0145
2024-06-26 07:48:48,inv_01522,pending,user_0025
2023-11-28 16:31:02,inv_01523,accepted,user_0111
2023-02-21 09:27:21,inv_01524,pending,user_0135
2024-12-15 15:57:23,inv_01525,accepted,user_0055
2024-10-26 16:04:04,inv_01526,accepted,user_0147
2023-09-07 04:55:42,inv_01527,declined,user_0032
2023-07-18 15:14:27,inv_01528,accepted,user_0087
2024-12-22 05:02:55,inv_01529,accepted,user_0160
2023-10-06 11:54:35,inv_01530,declined,user_0154
2024-10-12 12:21:55,inv_01531,accepted,user_0072
2023-03-24 08:54:51,inv_01532,accepted,user_0022
2023-12-07 13:31:47,inv_01533,pending,user_0183
2024-03-03 00:49:28,inv_01534,accepted,user_0185
2024-10-01 15:45:55,inv_01535,accepted,user_0136
2024-05-19 17:58:29,inv_01536,pending,user_0046
2024-08-02 22:51:44,inv_01537,pending,user_0005
2024-07-07 16:12:39,inv_01538,accepted,user_0012
2023-06-13 23:34:38,inv_01539,accepted,user_0027
2023-03-17 05:26:20,inv_01540,pending,user_0084
2024-12-29 06:02:41,inv_01541,accepted,user_0139
2024-03-16 10:05:51,inv_01542,accepted,user_0036
2024-03-13 07:18:11,inv_01543,accepted,user_0052
2023-09-22 15:51:54,inv_01544,declined,user_0130
2024-09-26 15:12:35,inv_01545,accepted,user_0074
2024-04-30 09:14:02,inv_01546,accepted,user_0199
2024-09-02 19:08:37,inv_01547,accepted,user_0012
2024-12-04 04:02:31,inv_01548,accepted,user_0055
2023-11-04 19:43:49,inv_01549,accepted,user_0080
2024-04-10 18:48:34,inv_01550,accepted,user_0159
2024-09-23 13:43:48,inv_01551,pending,user_0091
2023-07-24 13:09:59,inv_01552,pending,user_0160
2024-06-12 13:23:50,inv_01553,declined,user_0064
2023-07-21 09:09:57,inv_01554,accepted,user_0104
2023-07-03 17:16:21,inv_01555,accepted,user_0091
2024-01-06 17:04:07,inv_01556,accepted,user_0059
2023-11-03 08:11:12,inv_01557,accepted,user_0025
2024-09-02 11:54:36,inv_01558,declined,user_0104
2024-12-18 15:40:38,inv_01559,accepted,user_0197
2023-03-02 15:47:44,inv_01560,pending,user_0068
2023-03-15 19:48:53,inv_01561,declined,user_0172
2024-08-11 08:58:15,inv_01562,pending,user_0171
2023-06-27 04:52:43,inv_01563,accepted,user_0143
2023-12-28 07:58:51,inv_01564,accepted,user_0141
2024-03-07 11:47:57,inv_01565,accepted,user_0197
2024-04-30 21:48:39,inv_01566,declined,user_0198
2023-03-17 21:28:29,inv_01567,pending,user_0173
2024-07-24 01:45:07,inv_01568,accepted,user_0153
2024-06-01 05:25:46,inv_01569,accepted,user_0153
2024-02-14 06:57:06,inv_01570,accepted,user_0010
2024-09-03 07:27:31,inv_01571,pending,user_0190
2023-10-02 08:24:26,inv_01572,accepted,user_0012
2024-01-14 20:17:53,inv_01573,declined,user_0195
2024-11-06 10:15:32,inv_01574,accepted,user_0029
2023-10-07 06:55:41,inv_01575,pending,user_0043
2024-03-15 05:07:25,inv_01576,accepted,user_0088
2024-03-06 22:48:35,inv_01577,accepted,user_0088
2024-08-02 07:52:17,inv_01578,declined,user_0111
2024-11-27 11:19:56,inv_01579,declined,user_0113
2024-02-25 04:57:33,inv_01580,accepted,user_0165
2023-03-27 18:07:59,inv_01581,declined,user_0069
2024-07-11 17:49:02,inv_01582,accepted,user_0119
2023-09-21 07:28:42,inv_01583,pending,user_0011
2024-05-06 00:06:59,inv_01584,accepted,user_0168
2024-10-21 18:23:38,inv_01585,accepted,user_0107
2023-11-04 22:26:59,inv_01586,accepted,user_0063
2023-10-15 10:24:50,inv_01587,accepted,user_0022
2024-06-27 08:18:26,inv_01588,accepted,user_0143
2023-09-11 12:46:26,inv_01589,accepted,user_0137
2024-07-29 08:08:55,inv_01590,accepted,user_0070
2024-09-14 03:07:21,inv_01591,accepted,user_0192
2024-02-23 13:00:10,inv_01592,accepted,user_0090
2024-01-17 14:50:58,inv_01593,declined,user_0134
2024-11-17 08:15:05,inv_01594,declined,user_0096
2024-08-16 14:34:29,inv_01595,accepted,user_0043
2024-04-03 12:38:00,inv_01596,accepted,user_0148
2024-07-21 16:05:28,inv_01597,accepted,user_0125
2024-05-03 10:04:39,inv_01598,declined,user_0099
2023-01-19 17:13:22,inv_01599,pending,user_0171
2024-02-18 20:36:48,inv_01600,accepted,user_0190
2023-01-18 15:00:37,inv_01601,declined,user_0067
2024-11-21 13:02:23,inv_01602,accepted,user_0082
2023-03-14 03:02:58,inv_01603,accepted,user_0180
2024-11-03 02:07:58,inv_01604,accepted,user_0100
2024-08-08 09:12:16,inv_01605,accepted,user_0154
2024-06-16 05:05:06,inv_01606,declined,user_0159
2024-09-12 02:00:54,inv_01607,declined,user_0183
2023-07-05 01:34:09,inv_01608,pending,user_0068
2024-08-20 09:48:53,inv_01609,accepted,user_0057
2023-09-09 03:45:04,inv_01610,accepted,user_0152
2024-12-11 17:06:50,inv_01611,accepted,user_0193
2023-07-01 13:14:34,inv_01612,accepted,user_0154
2023-11-22 14:02:32,inv_01613,declined,user_0049
2023-02-04 21:26:25,inv_01614,declined,user_0038
2023-12-01 11:44:38,inv_01615,accepted,user_0036
2024-12-24 09:53:38,inv_01616,pending,user_0122
2023-07-12 02:48:11,inv_01617,declined,user_0182
2024-08-02 08:35:26,inv_01618,declined,user_0137
2023-06-02 20:21:19,inv_01619,pending,user_0170
2024-07-16 16:34:19,inv_01620,accepted,user_0096
2024-02-04 12:18:20,inv_01621,accepted,user_0104
2023-08-23 23:21:27,inv_01622,declined,user_0082
2023-10-20 23:08:30,inv_01623,pending,user_0024
2023-09-12 10:24:20,inv_01624,accepted,user_0168
2024-08-18 07:01:29,inv_01625,accepted,user_0082
2024-09-08 15:29:30,inv_01626,accepted,user_0103
2024-09-17 08:26:39,inv_01627,accepted,user_0008
2023-09-01 15:31:56,inv_01628,pending,user_0182
2024-03-25 23:22:32,inv_01629,accepted,user_0115
2024-06-24 02:20:07,inv_01630,declined,user_0011
2024-09-02 10:50:54,inv_01631,pending,user_0107
2023-06-16 03:02:33,inv_01632,declined,user_0095
2024-08-27 22:31:41,inv_01633,accepted,user_0122
2023-03-15 22:44:38,inv_01634,declined,user_0184
2024-06-11 00:24:01,inv_01635,pending,user_0157
2024-04-11 19:11:40,inv_01636,accepted,user_0042
2023-08-17 10:26:04,inv_01637,accepted,user_0006
2023-12-29 22:48:57,inv_01638,pending,user_0003
2023-05-16 22:05:11,inv_01639,declined,user_0074
2023-10-07 08:50:26,inv_01640,declined,user_0098
2023-07-13 05:12:01,inv_01641,pending,user_0065
2024-05-31 09:34:45,inv_01642,declined,user_0140
2023-09-13 22:24:18,inv_01643,accepted,user_0036
2024-08-11 07:19:27,inv_01644,accepted,user_0184
2024-10-15 22:04:10,inv_01645,accepted,user_0180
2024-07-04 23:35:06,inv_01646,accepted,user_0120
2024-12-01 07:04:55,inv_01647,accepted,user_0125
2023-08-24 14:45:04,inv_01648,accepted,user_0160
2023-03-23 09:08:24,inv_01649,pending,user_0184
2024-02-29 17:57:23,inv_01650,accepted,user_0139
2024-10-25 10:42:26,inv_01651,accepted,user_0129
2024-05-26 03:59:59,inv_01652,declined,user_0112
2024-02-14 03:42:08,inv_01653,declined,user_0134
2024-07-06 10:37:13,inv_01654,declined,user_0079
2024-01-28 22:12:58,inv_01655,accepted,user_0152
2023-10-18 12:27:21,inv_01656,pending,user_0072
2024-05-22 19:32:39,inv_01657,accepted,user_0081
2023-05-25 23:48:56,inv_01658,declined,user_0152
2023-03-08 02:17:58,inv_01659,pending,user_0077
2024-03-12 12:25:24,inv_01660,accepted,user_0009
2024-10-02 03:52:01,inv_01661,pending,user_0187
2023-10-23 09:14:30,inv_01662,declined,user_0070
2023-07-12 06:14:35,inv_01663,declined,user_0023
2024-06-06 14:21:34,inv_01664,accepted,user_0086
2024-01-24 23:08:32,inv_01665,pending,user_0017
2023-10-17 15:10:41,inv_01666,accepted,user_0098
2024-11-03 12:26:45,inv_01667,accepted,user_0123
2023-03-17 15:31:40,inv_01668,declined,user_0025
2024-11-28 22:25:59,inv_01669,declined,user_0112
2024-08-17 15:19:13,inv_01670,accepted,user_0038
2024-10-09 20:08:35,inv_01671,accepted,user_0003
2023-08-03 13:20:33,inv_01672,declined,user_0195
2024-02-21 04:16:14,inv_01673,accepted,user_0014
2023-03-02 00:20:50,inv_01674,accepted,user_0010
2024-12-30 14:10:09,inv_01675,accepted,user_0066
2023-11-20 01:13:54,inv_01676,declined,user_0199
2023-01-30 18:20:24,inv_01677,accepted,user_0142
2024-02-05 00:44:09,inv_01678,pending,user_0126
2024-05-02 06:58:25,inv_01679,accepted,user_0010
2023-07-19 20:46:15,inv_01680,pending,user_0099
2023-12-27 23:30:57,inv_01681,pending,user_0049
2024-08-31 06:30:15,inv_01682,accepted,user_0190
2024-12-18 18:45:19,inv_01683,accepted,user_0176
2023-06-29 02:33:44,inv_01684,pending,user_0131
2023-06-14 20:35:17,inv_01685,accepted,user_0047
2024-04-17 23:07:16,inv_01686,accepted,user_0060
2023-06-07 15:45:39,inv_01687,accepted,user_0025
2023-01-10 01:34:10,inv_01688,declined,user_0135
2023-06-27 21:16:37,inv_01689,accepted,user_0077
2023-01-16 03:57:34,inv_01690,accepted,user_0121
2024-03-22 22:06:12,inv_01691,pending,user_0167
2024-09-03 16:32:46,inv_01692,pending,user_0043
2023-10-30 14:29:33,inv_01693,accepted,user_0046
2024-02-07 09:28:55,inv_01694,accepted,user_0043
2024-02-19 16:51:41,inv_01695,declined,user_0029
2023-10-28 23:54:31,inv_01696,declined,user_0083
2024-09-10 23:17:29,inv_01697,accepted,user_0103
2024-02-29 01:17:28,inv_01698,accepted,user_0086
2024-04-02 21:30:34,inv_01699,accepted,user_0194
2024-10-10 16:20:40,inv_01700,declined,user_0099
2024-12-15 18:22:35,inv_01701,declined,user_0197
2024-06-29 03:48:34,inv_01702,accepted,user_0155
2024-05-30 22:11:19,inv_01703,accepted,user_0082
2024-12-17 19:10:18,inv_01704,accepted,user_0112
2024-08-09 12:01:30,inv_01705,declined,user_0003
2023-07-12 09:31:28,inv_01706,declined,user_0056
2023-09-28 06:24:12,inv_01707,accepted,user_0111
2024-10-19 00:55:33,inv_01708,accepted,user_0064
2024-11-14 22:52:35,inv_01709,declined,user_0021
2023-08-22 17:06:38,inv_01710,accepted,user_0024
2023-09-18 15:56:22,inv_01711,accepted,user_0148
2024-11-30 09:45:21,inv_01712,declined,user_0052
2023-04-09 04:18:50,inv_01713,accepted,user_0013
2024-09-19 18:13:52,inv_01714,declined,user_0198
2024-12-20 23:12:05,inv_01715,pending,user_0171
2023-06-30 05:36:23,inv_01716,pending,user_0094
2024-01-28 22:35:07,inv_01717,accepted,user_0078
2023-04-04 23:57:25,inv_01718,accepted,user_0165
2024-12-17 03:18:47,inv_01719,accepted,user_0102
2024-07-26 11:30:36,inv_01720,accepted,user_0030
2024-01-06 10:35:28,inv_01721,declined,user_0015
2023-12-14 06:55:28,inv_01722,accepted,user_0153
2023-08-17 20:15:12,inv_01723,declined,user_0166
2024-08-12 07:04:57,inv_01724,accepted,user_0043
2024-03-16 23:41:04,inv_01725,accepted,user_0158
2024-06-09 16:15:41,inv_01726,accepted,user_0040
2024-06-07 19:43:50,inv_01727,declined,user_0187
2024-04-15 19:48:13,inv_01728,pending,user_0151
2024-02-09 11:21:21,inv_01729,accepted,user_0044
2024-12-20 02:33:01,inv_01730,declined,user_0081
2023-12-06 15:49:06,inv_01731,accepted,user_0001
2024-02-24 05:01:13,inv_01732,accepted,user_0103
2023-02-08 20:05:22,inv_01733,accepted,user_0125
2024-03-27 17:28:48,inv_01734,accepted,user_0082
2023-12-29 21:46:09,inv_01735,declined,user_0041
2023-11-15 09:56:53,inv_01736,accepted,user_0062
2024-11-26 19:26:00,inv_01737,declined,user_0188
2023-05-06 01:53:50,inv_01738,accepted,user_0138
2024-02-13 18:28:36,inv_01739,pending,user_0108
2024-02-13 01:36:38,inv_01740,accepted,user_0073
2023-02-12 00:12:06,inv_01741,accepted,user_0078
2023-09-11 18:00:22,inv_01742,pending,user_0194
2024-09-25 07:57:05,inv_01743,accepted,user_0057
2023-04-18 22:51:35,inv_01744,declined,user_0121
2024-05-12 20:45:46,inv_01745,accepted,user_0042
2023-02-17 18:01:53,inv_01746,declined,user_0182
2024-06-08 18:34:52,inv_01747,accepted,user_0085
2024-02-20 22:05:00,inv_01748,declined,user_0170
2024-11-22 13:35:30,inv_01749,accepted,user_0066
2024-06-15 06:21:50,inv_01750,declined,user_0070
2024-06-04 22:29:07,inv_01751,accepted,user_0139
2023-12-25 06:59:16,inv_01752,accepted,user_0195
2024-05-29 01:53:46,inv_01753,accepted,user_0011
2024-11-19 04:56:51,inv_01754,pending,user_0004
2024-12-20 22:20:22,inv_01755,declined,user_0079
2023-06-07 02:22:35,inv_01756,accepted,user_0123
2023-11-27 00:59:50,inv_01757,declined,user_0079
2024-01-29 00:41:33,inv_01758,accepted,user_0177
2024-05-07 12:10:36,inv_01759,pending,user_0150
2023-08-30 06:56:32,inv_01760,accepted,user_0165
2024-02-20 23:54:03,inv_01761,accepted,user_0138
2024-10-01 10:58:17,inv_01762,accepted,user_0020
2024-11-21 18:36:41,inv_01763,declined,user_0096
2023-04-16 06:57:48,inv_01764,accepted,user_0073
2024-01-29 22:00:46,inv_01765,accepted,user_0178
2024-05-12 08:45:24,inv_01766,declined,user_0159
2023-08-18 13:18:52,inv_01767,accepted,user_0044
2023-01-05 22:42:14,inv_01768,accepted,user_0031
2024-03-21 00:05:40,inv_01769,declined,user_0075
2024-06-03 20:13:56,inv_01770,pending,user_0041
2023-09-19 14:17:00,inv_01771,declined,user_0004
2023-03-29 08:51:10,inv_01772,accepted,user_0114
2024-12-14 11:14:21,inv_01773,accepted,user_0014
2024-03-24 02:39:36,inv_01774,declined,user_0174
2024-01-22 17:36:18,inv_01775,accepted,user_0054
2024-06-17 04:15:48,inv_01776,accepted,user_0092
2024-06-18 18:23:13,inv_01777,accepted,user_0128
2023-07-01 14:58:04,inv_01778,declined,user_0089
2024-03-15 02:43:34,inv_01779,accepted,user_0087
2024-07-07 22:32:38,inv_01780,pending,user_0033
2023-05-11 22:03:03,inv_01781,accepted,user_0158
2023-05-13 07:17:28,inv_01782,declined,user_0137
2024-04-19 01:36:39,inv_01783,accepted,user_0166
2023-12-28 07:57:46,inv_01784,accepted,user_0089
2023-03-29 05:38:30,inv_01785,declined,user_0082
2023-03-07 01:07:56,inv_01786,declined,user_0043
2024-11-21 16:29:52,inv_01787,accepted,user_0135
2024-02-24 00:31:50,inv_01788,accepted,user_0088
2024-11-23 19:00:13,inv_01789,pending,user_0040
2023-10-10 20:08:38,inv_01790,accepted,user_0085
2023-10-25 12:41:59,inv_01791,pending,user_0119
2024-05-23 09:11:30,inv_01792,declined,user_0062
2023-04-12 02:41:11,inv_01793,declined,user_0183
2023-09-08 14:32:03,inv_01794,accepted,user_0035
2023-03-11 23:31:30,inv_01795,accepted,user_0171
2023-09-17 06:20:59,inv_01796,accepted,user_0011
2024-05-31 07:14:48,inv_01797,accepted,user_0130
2024-10-03 17:12:38,inv_01798,accepted,user_0079
2023-12-31 18:25:31,inv_01799,accepted,user_0079
2023-05-15 17:36:10,inv_01800,accepted,user_0133
2023-10-21 01:00:51,inv_01801,accepted,user_0116
2023-06-15 10:44:10,inv_01802,accepted,user_0168
2024-12-20 12:20:35,inv_01803,declined,user_0046
2024-04-07 02:17:18,inv_01804,declined,user_0021
2023-09-05 23:53:50,inv_01805,pending,user_0137
2024-07-02 19:48:20,inv_01806,accepted,user_0071
2024-01-18 10:09:16,inv_01807,declined,user_0155
2023-01-15 21:25:16,inv_01808,accepted,user_0017
2024-03-18 11:54:47,inv_01809,declined,user_0066
2024-12-17 20:49:02,inv_01810,accepted,user_0026
2023-02-13 04:14:29,inv_01811,declined,user_0109
2023-09-30 09:32:06,inv_01812,accepted,user_0200
2023-05-04 00:20:58,inv_01813,accepted,user_0173
2024-12-04 10:16:03,inv_01814,accepted,user_0183
2024-01-22 06:11:57,inv_01815,accepted,user_0040
2023-01-04 09:39:40,inv_01816,accepted,user_0016
2023-10-08 20:52:54,inv_01817,declined,user_0160
2023-01-21 04:29:25,inv_01818,declined,user_0035
2024-10-22 18:08:28,inv_01819,accepted,user_0064
2024-02-16 06:08:58,inv_01820,declined,user_0192
2024-09-19 07:57:47,inv_01821,accepted,user_0143
2024-11-28 16:04:08,inv_01822,accepted,user_0170
2023-05-18 14:12:22,inv_01823,declined,user_0121
2024-03-29 05:41:03,inv_01824,declined,user_0178
2023-05-13 16:54:11,inv_01825,declined,user_0160
2023-06-09 09:54:35,inv_01826,accepted,user_0030
2023-09-10 00:44:39,inv_01827,pending,user_0152
2024-09-28 15:08:27,inv_01828,pending,user_0194
2024-10-28 05:00:29,inv_01829,accepted,user_0149
2024-03-13 19:03:52,inv_01830,pending,user_0170
2024-02-24 00:13:02,inv_01831,accepted,user_0080
2024-10-12 17:58:19,inv_01832,accepted,user_0100
2024-05-30 15:33:35,inv_01833,pending,user_0186
2024-10-04 03:51:08,inv_01834,accepted,user_0002
2023-05-10 13:39:36,inv_01835,accepted,user_0016
2023-04-19 15:50:51,inv_01836,accepted,user_0007
2024-08-20 20:48:00,inv_01837,accepted,user_0183
2023-01-23 03:35:09,inv_01838,accepted,user_0143
2023-01-29 07:19:31,inv_01839,accepted,user_0023
2024-01-28 10:34:26,inv_01840,accepted,user_0197
2024-11-30 08:42:34,inv_01841,accepted,user_0001
2024-11-17 17:08:03,inv_01842,accepted,user_0116
2024-08-12 06:13:43,inv_01843,declined,user_0069
2023-08-16 12:22:36,inv_01844,declined,user_0141
2023-08-01 17:52:12,inv_01845,declined,user_0154
2023-09-12 19:25:35,inv_01846,accepted,user_0052
2023-05-12 16:54:05,inv_01847,accepted,user_0141
2024-01-14 11:55:28,inv_01848,declined,user_0096
2024-10-19 04:02:24,inv_01849,accepted,user_0055
2023-12-30 06:50:46,inv_01850,declined,user_0029
2024-03-16 13:22:44,inv_01851,accepted,user_0146
2024-12-29 01:25:48,inv_01852,accepted,user_0130
2024-11-02 14:23:05,inv_01853,accepted,user_0027
2024-11-15 14:34:33,inv_01854,accepted,user_0050
2024-11-08 21:11:07,inv_01855,accepted,user_0042
2024-02-05 00:37:01,inv_01856,accepted,user_0195
2023-10-11 20:34:45,inv_01857,pending,user_0138
2023-11-23 23:49:52,inv_01858,pending,user_0009
2023-03-26 23:00:22,inv_01859,declined,user_0003
2024-02-09 18:10:17,inv_01860,pending,user_0086
2023-09-04 23:47:09,inv_01861,declined,user_0038
2023-09-24 22:57:01,inv_01862,accepted,user_0070
2023-06-24 19:11:15,inv_01863,declined,user_0069
2024-08-19 20:05:52,inv_01864,accepted,user_0158
2023-05-18 11:43:12,inv_01865,declined,user_0014
2023-10-23 03:04:04,inv_01866,accepted,user_0002
2023-09-19 13:47:27,inv_01867,declined,user_0097
2024-10-31 03:00:57,inv_01868,accepted,user_0101
2024-11-03 10:06:13,inv_01869,accepted,user_0136
2024-08-14 23:05:49,inv_01870,pending,user_0074
2024-10-26 01:23:04,inv_01871,pending,user_0126
2024-05-31 13:48:28,inv_01872,pending,user_0083
2024-09-04 12:22:11,inv_01873,declined,user_0099
2023-03-14 02:37:55,inv_01874,declined,user_0018
2024-01-15 11:39:48,inv_01875,accepted,user_0199
2024-04-29 08:44:26,inv_01876,accepted,user_0141
2023-08-23 00:05:22,inv_01877,accepted,user_0046
2024-01-20 22:57:10,inv_01878,accepted,user_0182
2024-02-24 19:31:14,inv_01879,accepted,user_0140
2024-01-24 07:20:16,inv_01880,accepted,user_0040
2023-10-15 18:07:10,inv_01881,accepted,user_0088
2024-02-03 20:35:50,inv_01882,accepted,user_0166
2023-05-27 16:19:48,inv_01883,declined,user_0140
2023-08-22 19:56:37,inv_01884,accepted,user_0067
2023-11-23 23:17:17,inv_01885,accepted,user_0025
2023-05-25 13:41:14,inv_01886,accepted,user_0163
2024-11-20 07:12:44,inv_01887,accepted,user_0144
2023-11-08 05:06:44,inv_01888,pending,user_0112
2023-11-14 15:37:55,inv_01889,declined,user_0045
2023-03-02 03:27:12,inv_01890,accepted,user_0141
2023-01-18 09:34:27,inv_01891,accepted,user_0152
2023-03-18 03:39:36,inv_01892,accepted,user_0002
2024-02-14 17:09:08,inv_01893,declined,user_0110
2024-03-21 01:17:59,inv_01894,pending,user_0138
2023-08-12 07:19:32,inv_01895,accepted,user_0019
2024-12-25 08:52:28,inv_01896,declined,user_0024
2024-07-16 15:22:41,inv_01897,accepted,user_0189
2024-07-16 17:09:53,inv_01898,declined,user_0133
2024-05-25 04:45:25,inv_01899,accepted,user_0080
2024-01-21 02:40:41,inv_01900,accepted,user_0101
2023-01-31 09:24:07,inv_01901,accepted,user_0162
2024-11-22 03:34:59,inv_01902,accepted,user_0102
2023-08-13 04:44:21,inv_01903,declined,user_0064
2024-03-04 20:28:18,inv_01904,pending,user_0012
2024-10-19 04:50:29,inv_01905,accepted,user_0123
2024-02-01 05:37:43,inv_01906,accepted,user_0109
2024-04-12 21:08:10,inv_01907,accepted,user_0109
2024-06-23 15:47:00,inv_01908,accepted,user_0187
2024-01-26 00:47:53,inv_01909,accepted,user_0149
2023-02-04 11:04:34,inv_01910,accepted,user_0096
2023-08-10 03:36:45,inv_01911,declined,user_0115
2023-05-18 09:56:50,inv_01912,declined,user_0047
2024-12-04 20:33:29,inv_01913,accepted,user_0053
2023-02-08 06:39:56,inv_01914,declined,user_0099
2024-08-25 12:54:26,inv_01915,pending,user_0073
2024-09-29 19:18:54,inv_01916,accepted,user_0167
2024-06-23 03:13:20,inv_01917,accepted,user_0159
2024-01-18 12:12:26,inv_01918,declined,user_0078
2023-05-11 03:38:34,inv_01919,declined,user_0174
2023-09-28 16:50:06,inv_01920,accepted,user_0185
2024-05-25 09:41:17,inv_01921,declined,user_0106
2024-10-26 18:48:00,inv_01922,accepted,user_0165
2023-03-14 00:21:39,inv_01923,accepted,user_0155
2024-11-24 11:22:28,inv_01924,declined,user_0157
2024-10-13 10:04:42,inv_01925,pending,user_0113
2024-06-04 01:26:00,inv_01926,declined,user_0146
2023-02-23 06:19:12,inv_01927,pending,user_0132
2023-05-29 15:12:58,inv_01928,accepted,user_0084
2023-05-31 22:01:52,inv_01929,accepted,user_0001
2024-04-12 12:10:42,inv_01930,accepted,user_0024
2023-01-12 09:11:03,inv_01931,accepted,user_0042
2024-11-04 02:57:09,inv_01932,declined,user_0188
2023-05-31 09:38:34,inv_01933,accepted,user_0111
2024-05-18 06:06:15,inv_01934,accepted,user_0024
2024-11-05 17:57:01,inv_01935,declined,user_0056
2023-01-04 11:01:24,inv_01936,accepted,user_0069
2023-06-25 11:35:13,inv_01937,accepted,user_0018
2024-08-16 22:56:00,inv_01938,pending,user_0193
2024-08-29 20:26:48,inv_01939,declined,user_0138
2024-12-19 14:43:20,inv_01940,declined,user_0145
2024-12-21 13:44:16,inv_01941,declined,user_0058
2024-08-26 09:32:42,inv_01942,accepted,user_0163
2023-09-29 09:39:06,inv_01943,accepted,user_0132
2024-09-03 14:02:01,inv_01944,accepted,user_0172
2023-02-02 16:08:20,inv_01945,declined,user_0124
2023-04-14 10:02:53,inv_01946,accepted,user_0075
2023-06-29 16:57:13,inv_01947,declined,user_0195
2024-05-03 00:41:41,inv_01948,accepted,user_0028
2024-10-05 19:40:21,inv_01949,declined,user_0139
2023-11-05 16:10:02,inv_01950,accepted,user_0003
2024-02-21 11:51:22,inv_01951,declined,user_0100
2024-09-22 12:47:02,inv_01952,declined,user_0003
2024-04-02 02:51:21,inv_01953,declined,user_0025
2023-05-30 13:25:56,inv_01954,declined,user_0076
2024-10-03 10:29:30,inv_01955,accepted,user_0012
2024-06-21 17:49:12,inv_01956,accepted,user_0177
2023-07-19 00:12:49,inv_01957,accepted,user_0184
2024-05-18 21:43:39,inv_01958,accepted,user_0053
2023-10-31 14:20:48,inv_01959,declined,user_0096
2023-10-29 22:58:12,inv_01960,pending,user_0010
2023-07-23 00:04:43,inv_01961,accepted,user_0112
2024-10-19 18:50:53,inv_01962,declined,user_0147
2024-08-19 05:00:56,inv_01963,declined,user_0047
2023-12-23 09:33:10,inv_01964,pending,user_0182
2024-03-14 02:16:15,inv_01965,declined,user_0007
2024-04-02 08:55:47,inv_01966,declined,user_0088
2023-10-16 16:36:27,inv_01967,accepted,user_0167
2024-05-23 01:57:03,inv_01968,accepted,user_0032
2023-11-24 20:43:34,inv_01969,accepted,user_0023
2024-04-28 23:06:44,inv_01970,pending,user_0050
2023-06-12 18:30:53,inv_01971,accepted,user_0147
2024-04-10 10:42:01,inv_01972,accepted,user_0118
2023-03-26 03:40:39,inv_01973,pending,user_0195
2024-10-20 14:50:39,inv_01974,declined,user_0025
2023-12-23 15:09:53,inv_01975,declined,user_0153
2023-05-14 20:26:31,inv_01976,accepted,user_0006
2023-08-27 23:40:20,inv_01977,accepted,user_0097
2024-11-19 18:10:29,inv_01978,accepted,user_0143
2023-07-07 05:51:55,inv_01979,declined,user_0191
2024-05-12 01:27:58,inv_01980,accepted,user_0148
2024-11-10 08:27:01,inv_01981,accepted,user_0171
2023-10-18 16:32:36,inv_01982,declined,user_0096
2024-01-27 11:16:36,inv_01983,accepted,user_0195
2023-07-27 20:01:42,inv_01984,accepted,user_0004
2024-02-21 04:17:52,inv_01985,declined,user_0006
2023-03-21 04:46:50,inv_01986,declined,user_0059
2023-03-29 03:54:01,inv_01987,pending,user_0052
2024-08-23 16:48:48,inv_01988,accepted,user_0019
2024-10-07 08:08:43,inv_01989,accepted,user_0122
2024-11-24 15:39:46,inv_01990,accepted,user_0026
2024-02-09 23:13:11,inv_01991,accepted,user_0048
2023-12-30 12:23:08,inv_01992,pending,user_0183
2023-04-03 19:03:19,inv_01993,pending,user_0089
2024-12-27 18:11:03,inv_01994,pending,user_0187
2023-12-09 08:07:35,inv_01995,accepted,user_0038
2023-03-21 19:42:18,inv_01996,declined,user_0084
2023-06-16 21:51:42,inv_01997,accepted,user_0133
2024-08-31 03:49:11,inv_01998,accepted,user_0170
2023-05-15 16:03:37,inv_01999,accepted,user_0108
