acc,device_id,gyro,hr,id,latitude,longitude,ritmo,timestamp,userId,weather
0.8427,device-049,,66.56,08oQEs01Fk1dvHF5lUe3,41.277029,-8.165444,0.6879,,,"{'humidity': 61, 'temperature': 15.13, 'timestamp': 1776720477, 'wind_speed': 1.06}"
0.0409,device-253,,132.68,0Q99lGWSFpBlJgDE2hXr,42.262589,-8.131487,0.6881,,,"{'city_name': 'Ribadavia', 'humidity': 88, 'temperature': 13.55, 'timestamp': 1776974188, 'wind_speed': 2.31}"
0.249,device-740,,129.08,16ltX3XNPkD0YsBPJC02,41.998483,-8.752443,2.0844,,,"{'humidity': 52, 'temperature': 17.77, 'timestamp': 1776618922, 'wind_speed': 1.89}"
1.5749,device-314,,124.23,1gydOpoq8XdE1XUTmA6U,42.439648,-7.696904,1.2212,,,"{'city_name': 'Luintra', 'humidity': 73, 'temperature': 14.16, 'timestamp': 1776974760, 'wind_speed': 1.45}"
9.810003280639648,,0.0,79.0,2FoxE8bWphAmvRF0t6GM,41.55343666666667,-8.393136666666667,17.710003280639647,1776893141976.0,9d789fd91804129f,"{'wind_speed': 0.48, 'temperature': 10.59, 'timestamp': 1776893067, 'humidity': 78}"
1.9084,device-646,,94.65,2c5Fk1eUBmmLL2bE833F,41.993966,-8.416289,2.2566,,,"{'city_name': 'Monção Municipality', 'humidity': 80, 'temperature': 11.16, 'timestamp': 1776974971, 'wind_speed': 1.12}"
9.810003280639648,,0.0,79.0,2jWcgGO39J0tkM08drep,41.55343666666667,-8.393136666666667,17.710003280639647,1776894346565.0,9d789fd91804129f,"{'wind_speed': 0.32, 'temperature': 14.3, 'timestamp': 1776894054, 'humidity': 78}"
9.810003280639648,,0.0,79.0,2kpfV8A2Eu0fQ69S3cfs,41.55343666666667,-8.393136666666667,17.710003280639647,1776893596279.0,9d789fd91804129f,"{'wind_speed': 0.32, 'temperature': 14.3, 'timestamp': 1776893433, 'humidity': 78}"
1.6473,device-327,,124.58,2sRwFuGTf2UQTNhmy6tv,41.964836,-8.710436,2.3801,,,"{'city_name': 'Forcadela', 'humidity': 83, 'temperature': 12.85, 'timestamp': 1776974118, 'wind_speed': 0.99}"
9.810003280639648,,0.0,79.0,3HQE1SFtjf4SurS468uN,41.55343666666667,-8.393136666666667,17.710003280639647,1776893386211.0,9d789fd91804129f,"{'wind_speed': 0.48, 'temperature': 10.59, 'timestamp': 1776893067, 'humidity': 78}"
9.810003280639648,,0.0,79.0,3Tsu9gCe8k6NsvY8C45u,41.55343666666667,-8.393136666666667,17.710003280639647,1776894406578.0,9d789fd91804129f,"{'wind_speed': 0.32, 'temperature': 14.3, 'timestamp': 1776894054, 'humidity': 78}"
9.810003280639648,,0.0,79.0,3Ynhtrlf2zj7FlmziUaL,41.55343666666667,-8.393136666666667,17.710003280639647,1776894256545.0,9d789fd91804129f,"{'wind_speed': 0.32, 'temperature': 14.3, 'timestamp': 1776894054, 'humidity': 78}"
1.397,device-963,,123.63,3icJyglCAqVqYR7a90ar,41.745221,-8.244534,1.8599,,,"{'city_name': 'Gondoriz', 'humidity': 82, 'temperature': 12.05, 'timestamp': 1776974788, 'wind_speed': 1.51}"
9.810013771057129,,0.0,79.0,41Ir8lpu09rlq7iFZcqq,37.421998333333335,-122.084,17.710013771057127,1776733967178.0,bb80f878cef35322,"{'wind_speed': 4.63, 'temperature': 17.57, 'timestamp': 1776894154, 'humidity': 73}"
9.810003280639648,,0.0,79.0,49OkhnzqnCaee4G22fdZ,41.55343666666667,-8.393136666666667,17.710003280639647,1776893716304.0,9d789fd91804129f,"{'wind_speed': 0.32, 'temperature': 14.3, 'timestamp': 1776893433, 'humidity': 78}"
9.810003280639648,,0.0,79.0,4GgylHVbiDDVKBTYqbNP,41.55343666666667,-8.393136666666667,17.710003280639647,1776893956363.0,9d789fd91804129f,"{'wind_speed': 0.32, 'temperature': 14.3, 'timestamp': 1776893433, 'humidity': 78}"
0.761,device-754,,90.04,4INGDRKp5DNQvR093J5Z,41.127909,-8.02345,0.5356,,,"{'humidity': 41, 'temperature': 22.25, 'timestamp': 1776618801, 'wind_speed': 2.55}"
9.810003280639648,,0.0,79.0,4OOGlHmuVyHfI9rscDUt,41.55343666666667,-8.393136666666667,17.710003280639647,1776895221477.0,9d789fd91804129f,"{'wind_speed': 0.32, 'temperature': 14.3, 'timestamp': 1776895236, 'humidity': 78}"
1.0524,device-566,,90.8,4PnmvPy0rmLsqCmfxWm1,41.052634,-7.605302,1.2831,,,"{'city_name': 'Cabaços', 'humidity': 78, 'temperature': 14.68, 'timestamp': 1776974398, 'wind_speed': 2.59}"
9.810003280639648,,0.0,79.0,4lWrce8NfD7Bot6tBcHA,41.55343666666667,-8.393136666666667,17.710003280639647,1776893806326.0,9d789fd91804129f,"{'wind_speed': 0.32, 'temperature': 14.3, 'timestamp': 1776893433, 'humidity': 78}"
9.810003280639648,,0.0,79.0,5Idj6on5lgMCcHrOwKEB,41.55343666666667,-8.393136666666667,17.710003280639647,1776893111969.0,9d789fd91804129f,"{'wind_speed': 0.48, 'temperature': 10.59, 'timestamp': 1776893067, 'humidity': 78}"
9.810013771057129,,0.0,79.0,5KGxD6jjffmt8BHd8njG,37.421998333333335,-122.084,17.710013771057127,1776733282166.0,bb80f878cef35322,"{'wind_speed': 4.63, 'temperature': 17.09, 'timestamp': 1776893548, 'humidity': 75}"
9.810013771057129,,0.0,79.0,5KbyrtVDsMNtfD9pXn1I,37.421998333333335,-122.084,17.710013771057127,1776733372180.0,bb80f878cef35322,"{'wind_speed': 4.63, 'temperature': 17.09, 'timestamp': 1776893548, 'humidity': 75}"
1.5978,device-433,,69.14,6j4H4tqxrtXloQ3u4GdQ,41.788739,-7.707199,1.1266,,,"{'city_name': 'Montalegre', 'humidity': 86, 'temperature': 10.65, 'timestamp': 1776974608, 'wind_speed': 2.71}"
1.6477,device-291,,59.94,6kWgMnb0JncVzMLBpJYl,42.113842,-8.146269,2.4005,,,"{'city_name': 'Padrenda', 'humidity': 91, 'temperature': 11.06, 'timestamp': 1776974048, 'wind_speed': 2.06}"
0.1093,device-211,,121.42,6s8dJJxYxRKHFfILzFr8,41.589925,-8.698007,2.2744,,,"{'humidity': 55, 'temperature': 18.86, 'timestamp': 1776619092, 'wind_speed': 1.83}"
0.8145,device-972,,68.25,6wVVcx50qFKicdfcKeX6,41.064715,-7.675549,2.4344,,,"{'city_name': 'Cimbres', 'humidity': 73, 'temperature': 13.52, 'timestamp': 1776975084, 'wind_speed': 2.52}"
0.635,device-309,,97.47,74edoPK39M4x1gpdusTH,41.34444,-8.748012,1.0972,,,"{'humidity': 82, 'temperature': 15.32, 'timestamp': 1776720444, 'wind_speed': 1.54}"
1.5299,device-052,,128.64,7coi0f4TG5rgZ1OhcCKB,41.218118,-7.744262,1.2319,,,"{'city_name': 'Ermida', 'humidity': 63, 'temperature': 17.49, 'timestamp': 1776974718, 'wind_speed': 2.65}"
9.810003280639648,,0.0,79.0,89TE6tZ4Q0sJvtRKkYs4,41.55343666666667,-8.393136666666667,17.710003280639647,1776895161456.0,9d789fd91804129f,"{'wind_speed': 0.32, 'temperature': 14.3, 'timestamp': 1776894661, 'humidity': 78}"
0.3489,device-538,,88.56,8As0UnKiyfFf0CGjs98o,42.072151,-8.274506,0.7675,,,"{'city_name': 'Melgaço Municipality', 'humidity': 86, 'temperature': 13.63, 'timestamp': 1776974218, 'wind_speed': 1.51}"
9.80998706817627,,0.0,79.0,8Bp4VVXeHPK12JgixW9d,41.55343666666667,-8.393136666666667,17.709987068176268,1776809312131.0,9d789fd91804129f,"{'wind_speed': 1.45, 'temperature': 13.74, 'timestamp': 1776809158, 'humidity': 67}"
9.810013771057129,,0.0,79.0,8hlEoT5ItZajTlvSIsxA,37.421998333333335,-122.084,17.710013771057127,1776734072340.0,bb80f878cef35322,"{'wind_speed': 4.63, 'temperature': 17.63, 'timestamp': 1776894775, 'humidity': 72}"
9.810013771057129,,0.0,79.0,8qt8USK34JdAV4hkdrYW,37.421998333333335,-122.084,17.710013771057127,1776734252360.0,bb80f878cef35322,"{'wind_speed': 2.57, 'temperature': 17.63, 'timestamp': 1776895235, 'humidity': 73}"
0.1319,device-817,,112.58,8y3nGpiHTJs3iAdDJUB3,42.341128,-8.524106,2.3571,,,"{'city_name': 'Moscoso', 'humidity': 55, 'temperature': 15.43, 'timestamp': 1776974248, 'wind_speed': 1.03}"
9.810003280639648,,0.0,79.0,93ox7nDB6ix0PRrl3srt,41.55343666666667,-8.393136666666667,17.710003280639647,1776893776313.0,9d789fd91804129f,"{'wind_speed': 0.32, 'temperature': 14.3, 'timestamp': 1776893433, 'humidity': 78}"
9.810013771057129,,0.0,79.0,9nWP0Q9GQqGTk9k5Ptjr,37.421998333333335,-122.084,17.710013771057127,1776733102146.0,bb80f878cef35322,"{'wind_speed': 4.63, 'temperature': 17.09, 'timestamp': 1776893548, 'humidity': 75}"
9.810003280639648,,0.0,79.0,9p2bh66YQBFLsqFAod6S,41.55343666666667,-8.393136666666667,17.710003280639647,1776893626286.0,9d789fd91804129f,"{'wind_speed': 0.32, 'temperature': 14.3, 'timestamp': 1776893433, 'humidity': 78}"
1.9532,device-601,,79.11,Act3pYdDtny792F6vLha,42.381342,-8.52487,1.8833,,,"{'city_name': 'Ponte Caldelas', 'humidity': 55, 'temperature': 15.14, 'timestamp': 1776974798, 'wind_speed': 1.03}"
0.0376,device-565,,56.35,AgRu7zC53ipG8Immc3pM,41.868943,-8.555621,1.1782,,,"{'city_name': 'Paredes de Coura Municipality', 'humidity': 79, 'temperature': 10.38, 'timestamp': 1776973688, 'wind_speed': 0.85}"
9.80998706817627,,0.0,79.0,AxRvG3886P7imvyKJLz7,41.55343666666667,-8.393136666666667,17.709987068176268,1776809252118.0,9d789fd91804129f,"{'wind_speed': 1.45, 'temperature': 13.74, 'timestamp': 1776809158, 'humidity': 67}"
1.9493,device-983,,97.14,BKaPwVK1NL1wv7oEAaqf,41.168722,-7.764703,1.1704,,,"{'city_name': 'Peso da Régua', 'humidity': 66, 'temperature': 18.04, 'timestamp': 1776974558, 'wind_speed': 2.63}"
9.809998817443848,,2.2718228870630264,83.62,CCdW3DpERVhMtHwmn7TI,41.55343666666667,-8.393136666666667,20.443821704506874,1776893081962.0,9d789fd91804129f,"{'wind_speed': 0.48, 'temperature': 10.59, 'timestamp': 1776893067, 'humidity': 78}"
0.9414,device-342,,63.2,CbQc8kljBkWQElpDPRWN,42.330598,-8.104487,1.1079,,,"{'city_name': 'Sadurnín', 'humidity': 84, 'temperature': 14.69, 'timestamp': 1776974857, 'wind_speed': 2}"
9.810003280639648,,0.0,79.0,CozW4OpjfPQZ4Yh9C0Dq,41.55343666666667,-8.393136666666667,17.710003280639647,1776893292006.0,9d789fd91804129f,"{'wind_speed': 0.48, 'temperature': 10.59, 'timestamp': 1776893067, 'humidity': 78}"
9.810003280639648,,0.0,79.0,D7t5lRq0AF3IrwSk3qRr,41.55343666666667,-8.393136666666667,17.710003280639647,1776895101924.0,9d789fd91804129f,"{'wind_speed': 0.32, 'temperature': 14.3, 'timestamp': 1776894661, 'humidity': 78}"
9.810003280639648,,0.0,79.0,DFPX25iKFBsaosrXRQSZ,41.55343666666667,-8.393136666666667,17.710003280639647,1776894046472.0,9d789fd91804129f,"{'wind_speed': 0.32, 'temperature': 14.3, 'timestamp': 1776894054, 'humidity': 78}"
9.810003280639648,,0.0,79.0,DZZn4oZBodkDbxy9XFKY,41.55343666666667,-8.393136666666667,17.710003280639647,1776895191471.0,9d789fd91804129f,"{'wind_speed': 0.32, 'temperature': 14.3, 'timestamp': 1776894661, 'humidity': 78}"
9.810013771057129,,0.0,79.0,DcTMiG1IjRb4pDiMCf2Y,37.421998333333335,-122.084,17.710013771057127,1776733732226.0,bb80f878cef35322,"{'wind_speed': 4.63, 'temperature': 17.57, 'timestamp': 1776894154, 'humidity': 73}"
1.1051,device-704,,62.96,E95RdMA5yLcNt14cx9JG,41.389692,-8.559931,1.8626,,,"{'humidity': 49, 'temperature': 24.45, 'timestamp': 1776619071, 'wind_speed': 2.41}"
1.6235,device-831,,118.78,EELB8mQkuCqkufxo9N8l,41.796236,-8.432465,0.5428,,,"{'humidity': 44, 'temperature': 23.53, 'timestamp': 1776619033, 'wind_speed': 2.79}"
0.924,device-723,,65.86,EP1dbRWrk5VNa20kJTKH,41.374808,-8.54491,0.7872,,,"{'humidity': 46, 'temperature': 24.47, 'timestamp': 1776618881, 'wind_speed': 2.57}"
1.4152,device-900,,67.6,EPbdwLADzc7eGG5RX251,41.341156,-8.768703,1.4037,,,"{'humidity': 88, 'temperature': 15.35, 'timestamp': 1776619060, 'wind_speed': 1.54}"
9.810013771057129,,0.0,79.0,ETUb9U4aBVqmKDdBHylK,37.421998333333335,-122.084,17.710013771057127,1776733402184.0,bb80f878cef35322,"{'wind_speed': 4.63, 'temperature': 17.09, 'timestamp': 1776893548, 'humidity': 75}"
9.810013771057129,,0.0,79.0,EqzMapitk2285GCNWRnp,37.421998333333335,-122.084,17.710013771057127,1776733222161.0,bb80f878cef35322,"{'wind_speed': 4.63, 'temperature': 17.09, 'timestamp': 1776893548, 'humidity': 75}"
9.810013771057129,,0.0,79.0,FBBdjx7c4sCCXsjilLMm,37.421998333333335,-122.084,17.710013771057127,1776734042338.0,bb80f878cef35322,"{'wind_speed': 4.63, 'temperature': 17.63, 'timestamp': 1776894775, 'humidity': 72}"
0.2792,device-460,,118.61,FG3r9lLsgxZQBbi3gbOk,42.074376,-7.948862,1.9681,,,"{'humidity': 66, 'temperature': 13.48, 'timestamp': 1776720569, 'wind_speed': 1.51}"
0.2954,device-785,,115.87,FOtgUq6kChgjVEmtnRl5,41.214027,-8.264125,2.1683,,,"{'humidity': 41, 'temperature': 23.71, 'timestamp': 1776618749, 'wind_speed': 0.45}"
9.810003280639648,,0.0,79.0,FaqJwx0n0K3OqBCC6Z1T,41.55343666666667,-8.393136666666667,17.710003280639647,1776894166512.0,9d789fd91804129f,"{'wind_speed': 0.32, 'temperature': 14.3, 'timestamp': 1776894054, 'humidity': 78}"
1.1881,device-824,,133.56,FcVWnKC4ZBsGzzLJuXxY,41.332369,-8.58694,1.8769,,,"{'city_name': 'Bougado (Santiago)', 'humidity': 82, 'temperature': 15.13, 'timestamp': 1776974378, 'wind_speed': 1.54}"
1.7793,device-433,,117.62,FmdQsrjVZ3rsqX7URS8J,42.473493,-8.391596,1.6026,,,"{'city_name': 'Barcia', 'humidity': 87, 'temperature': 9.38, 'timestamp': 1776974848, 'wind_speed': 1.22}"
9.810013771057129,,0.0,79.0,IF36Bvg7anIHHQrfwzpr,37.421998333333335,-122.084,17.710013771057127,1776733522193.0,bb80f878cef35322,"{'wind_speed': 4.63, 'temperature': 17.57, 'timestamp': 1776894154, 'humidity': 73}"
1.8501,device-079,,106.14,INCC8AomOWCgCTTq2yM6,41.582653,-7.875862,1.6567,,,"{'city_name': 'Salto', 'humidity': 87, 'temperature': 8.19, 'timestamp': 1776974415, 'wind_speed': 2.1}"
1.3374,device-741,,77.22,IhO3nnqrHWC2Frao251M,42.022631,-8.338519,1.9386,,,"{'humidity': 45, 'temperature': 23.35, 'timestamp': 1776618822, 'wind_speed': 2.69}"
0.258,device-204,,77.36,Jxon8b013RSEs46KRhAO,42.1394,-7.755308,1.7355,,,"{'humidity': 66, 'temperature': 12.86, 'timestamp': 1776720499, 'wind_speed': 1.13}"
9.810003280639648,,0.0,79.0,KHW5siGxVnmwINbKruL3,41.55343666666667,-8.393136666666667,17.710003280639647,1776893416232.0,9d789fd91804129f,"{'wind_speed': 0.32, 'temperature': 14.3, 'timestamp': 1776893433, 'humidity': 78}"
9.810003280639648,,0.0,79.0,L1V099Af149YOCMJMOjV,41.55343666666667,-8.393136666666667,17.710003280639647,1776894076485.0,9d789fd91804129f,"{'wind_speed': 0.32, 'temperature': 14.3, 'timestamp': 1776894054, 'humidity': 78}"
0.6641,device-611,,125.16,LDwpbTVpxFaOhMki2nAc,42.457278,-8.44881,0.9571,,,"{'city_name': 'Loureiro', 'humidity': 86, 'temperature': 13.03, 'timestamp': 1776974498, 'wind_speed': 0.83}"
9.80998706817627,,0.0,79.0,LExhz3VtqZTKUaXtcN16,41.55343666666667,-8.393136666666667,17.709987068176268,1776809132091.0,9d789fd91804129f,"{'wind_speed': 1.45, 'temperature': 13.74, 'timestamp': 1776809158, 'humidity': 67}"
9.810013771057129,,0.0,79.0,MA01ZBlzJCbyRNd2VB6H,37.421998333333335,-122.084,17.710013771057127,1776733612210.0,bb80f878cef35322,"{'wind_speed': 4.63, 'temperature': 17.57, 'timestamp': 1776894154, 'humidity': 73}"
9.810013771057129,,0.0,79.0,MIQix6O0JizuUyX3iav0,37.421998333333335,-122.084,17.710013771057127,1776732881627.0,bb80f878cef35322,"{'wind_speed': 4.63, 'temperature': 17.09, 'timestamp': 1776893548, 'humidity': 75}"
0.3976,device-086,,81.41,MQg40OaE7Lrv1C9uloj7,42.450864,-8.478276,0.9035,,,"{'city_name': 'Loureiro', 'humidity': 86, 'temperature': 12.99, 'timestamp': 1776974198, 'wind_speed': 0.83}"
9.810013771057129,,0.0,79.0,MYqIf069Cbhn7Y3EASP1,37.421998333333335,-122.084,17.710013771057127,1776733012137.0,bb80f878cef35322,"{'wind_speed': 4.63, 'temperature': 17.09, 'timestamp': 1776893548, 'humidity': 75}"
9.810003280639648,,0.0,79.0,MYrZVK70r1l6oVDQWmYN,41.55343666666667,-8.393136666666667,17.710003280639647,1776894196522.0,9d789fd91804129f,"{'wind_speed': 0.32, 'temperature': 14.3, 'timestamp': 1776894054, 'humidity': 78}"
0.6885,device-283,,64.56,Mfw2sbRAeBEigrwYt2DT,41.418179,-8.624024,1.4823,,,"{'city_name': 'Negreiros', 'humidity': 82, 'temperature': 14.93, 'timestamp': 1776974288, 'wind_speed': 1.54}"
9.810013771057129,,0.0,79.0,N7s9MI47ruR7XPCqiW2a,37.421998333333335,-122.084,17.710013771057127,1776733672216.0,bb80f878cef35322,"{'wind_speed': 4.63, 'temperature': 17.57, 'timestamp': 1776894154, 'humidity': 73}"
1.1058,device-615,,75.76,Ng5V6MsjtiHFN92RmNUY,41.603238,-7.689183,1.4185,,,"{'city_name': 'Vilar', 'humidity': 90, 'temperature': 14.04, 'timestamp': 1776975064, 'wind_speed': 2.5}"
0.7538,device-459,,74.28,Nsh4DfDccjT0Os36AYuZ,42.448563,-7.729839,0.63,,,"{'city_name': 'Nogueira de Ramuín', 'humidity': 74, 'temperature': 15.97, 'timestamp': 1776974967, 'wind_speed': 1.64}"
0.6026,device-838,,130.67,O6NOKqPuXmJvp8ggPzCu,42.437862,-7.928212,1.8076,,,"{'humidity': 43, 'temperature': 23.46, 'timestamp': 1776619783, 'wind_speed': 3.55}"
1.94,device-834,,67.17,O9kGKFEmc6CydU5T0qd6,41.682094,-8.763338,1.0547,,,"{'humidity': 71, 'temperature': 15.49, 'timestamp': 1776720562, 'wind_speed': 1.1}"
1.0205,device-520,,104.84,OMrDc9OzLsXayvLPDJfF,41.962576,-7.678753,0.5214,,,"{'humidity': 50, 'temperature': 19.56, 'timestamp': 1776619145, 'wind_speed': 2.27}"
0.8652,device-400,,99.17,OW4zrpAsTqtIv1bmET8C,41.947151,-8.132744,1.2997,,,"{'city_name': 'Entrimo', 'humidity': 90, 'temperature': 10.06, 'timestamp': 1776974838, 'wind_speed': 1.58}"
0.3628,device-968,,110.44,Oe8GDt1xPi26iL1pbwgi,41.394394,-7.675258,1.9564,,,"{'city_name': 'Adoufe', 'humidity': 71, 'temperature': 13.28, 'timestamp': 1776974458, 'wind_speed': 2.25}"
1.3297,device-427,,78.34,OfwaLFKizOseFGqAPuY8,41.694665,-8.76678,0.6231,,,"{'city_name': 'Darque', 'humidity': 83, 'temperature': 13.31, 'timestamp': 1776973638, 'wind_speed': 1.5}"
9.810013771057129,,0.0,79.0,Oyze40xH73kgT5qgiJck,37.421998333333335,-122.084,17.710013771057127,1776733252162.0,bb80f878cef35322,"{'wind_speed': 4.63, 'temperature': 17.09, 'timestamp': 1776893548, 'humidity': 75}"
9.83989959716797,,0.0,79.06,PLRcZsN20pbSwIcppRTh,41.55343666666667,-8.393136666666667,17.74589959716797,1776893356204.0,9d789fd91804129f,"{'wind_speed': 0.48, 'temperature': 10.59, 'timestamp': 1776893067, 'humidity': 78}"
1.6305,device-897,,92.31,PTSCN7PR2M3jaVUVl2OT,41.923713,-7.970874,2.0546,,,"{'humidity': 56, 'temperature': 21.11, 'timestamp': 1776619166, 'wind_speed': 3.43}"
1.7548,device-566,,57.16,PkjR0sPocnPnsfoYA5cM,41.696709,-8.125168,2.0152,,,"{'city_name': 'Rio Caldo', 'humidity': 81, 'temperature': 13.12, 'timestamp': 1776974818, 'wind_speed': 1.51}"
0.2048,device-381,,88.93,PoDCsECxpxoEdB4cQX82,41.060308,-8.678817,0.7697,,,"{'city_name': 'Mira', 'humidity': 94, 'temperature': 15.09, 'timestamp': 1776974747, 'wind_speed': 1.54}"
1.0317,device-268,,103.19,Q8VvUWGlzo98IwBYYm9Z,42.02074,-7.99971,1.4341,,,"{'humidity': 56, 'temperature': 20.81, 'timestamp': 1776619113, 'wind_speed': 3.56}"
1.3738,device-682,,83.05,QB2AhiZgML60aUJEjAqk,42.225142,-7.995196,0.8082,,,"{'city_name': 'Cartelle', 'humidity': 88, 'temperature': 13.38, 'timestamp': 1776974418, 'wind_speed': 2.53}"
1.8821,device-541,,87.02,QHyghgwyIFvLbn7Rhfrj,42.433162,-7.733892,1.5105,,,"{'city_name': 'Nogueira de Ramuín', 'humidity': 73, 'temperature': 15.47, 'timestamp': 1776974108, 'wind_speed': 1.71}"
9.80998706817627,,0.0,79.0,QTBZEQgObpxN0OO7d4RL,41.55343666666667,-8.393136666666667,17.709987068176268,1776893051953.0,9d789fd91804129f,"{'wind_speed': 0.48, 'temperature': 10.59, 'timestamp': 1776893067, 'humidity': 78}"
0.1692,device-806,,71.89,R5EmVKHbCSbQ1iBPMQnD,41.815793,-8.331317,1.6871,,,"{'humidity': 66, 'temperature': 18.96, 'timestamp': 1776720455, 'wind_speed': 2.09}"
0.8906,device-510,,67.79,RP93F90LHkZzwi3uP4ri,41.749015,-7.832901,0.5301,,,"{'city_name': 'Negrões', 'humidity': 93, 'temperature': 10.4, 'timestamp': 1776973658, 'wind_speed': 2.47}"
9.810013771057129,,0.0,79.0,RhGpXLB8O0nq7heNzGNt,37.421998333333335,-122.084,17.710013771057127,1776734132346.0,bb80f878cef35322,"{'wind_speed': 4.63, 'temperature': 17.63, 'timestamp': 1776894775, 'humidity': 72}"
0.6023,device-760,,114.03,RhsUrpbC9kYwLn3SdtWg,42.418813,-7.870451,1.8433,,,"{'humidity': 44, 'temperature': 23.11, 'timestamp': 1776618844, 'wind_speed': 3.61}"
9.810003280639648,,0.0,79.0,S8oH70TEwL8aLsTM0djC,41.55343666666667,-8.393136666666667,17.710003280639647,1776894286555.0,9d789fd91804129f,"{'wind_speed': 0.32, 'temperature': 14.3, 'timestamp': 1776894054, 'humidity': 78}"
9.810003280639648,,0.0,79.0,SoVuforlgljibAxBi2VR,41.55343666666667,-8.393136666666667,17.710003280639647,1776894586634.0,9d789fd91804129f,"{'wind_speed': 0.32, 'temperature': 14.3, 'timestamp': 1776894054, 'humidity': 78}"
1.7794,device-673,,112.33,TowTsWBzvK0ldR0LGbsi,42.414544,-8.699401,0.9296,,,"{'city_name': 'Poio', 'humidity': 86, 'temperature': 16.64, 'timestamp': 1776974078, 'wind_speed': 1.24}"
9.810013771057129,,0.0,79.0,TxpCuvXsXGEjXMXYhkrE,37.421998333333335,-122.084,17.710013771057127,1776733132149.0,bb80f878cef35322,"{'wind_speed': 4.63, 'temperature': 17.09, 'timestamp': 1776893548, 'humidity': 75}"
9.810003280639648,,0.0,79.0,UO0AkT6N7doQJCrNB8gQ,41.55343666666667,-8.393136666666667,17.710003280639647,1776893746306.0,9d789fd91804129f,"{'wind_speed': 0.32, 'temperature': 14.3, 'timestamp': 1776893433, 'humidity': 78}"
9.810003280639648,,0.0,79.0,UWGLumbTLz12jQ5aMmQh,41.55343666666667,-8.393136666666667,17.710003280639647,1776893446240.0,9d789fd91804129f,"{'wind_speed': 0.32, 'temperature': 14.3, 'timestamp': 1776893433, 'humidity': 78}"
1.9509,device-479,,128.37,UfbIevrgWsbqJDfwxv6s,42.162738,-8.498989,0.8607,,,"{'city_name': 'Ponteareas', 'humidity': 55, 'temperature': 16.39, 'timestamp': 1776973598, 'wind_speed': 1.03}"
9.810003280639648,,0.0,79.0,VCsp94FzE6t11tbodH8h,41.55343666666667,-8.393136666666667,17.710003280639647,1776893262000.0,9d789fd91804129f,"{'wind_speed': 0.48, 'temperature': 10.59, 'timestamp': 1776893067, 'humidity': 78}"
9.810003280639648,,0.0,79.0,VEv3bU4lmAIsuBq7M7Ol,41.55343666666667,-8.393136666666667,17.710003280639647,1776893322009.0,9d789fd91804129f,"{'wind_speed': 0.48, 'temperature': 10.59, 'timestamp': 1776893067, 'humidity': 78}"
0.4841,device-561,,118.47,Wf9r9M2lAoVQ6rC6udyF,41.613437,-7.896771,0.8291,,,"{'humidity': 50, 'temperature': 18.47, 'timestamp': 1776619262, 'wind_speed': 3.58}"
0.6594,device-578,,100.25,WiH8LpBtDnL3Png8jlzL,41.985322,-8.540793,0.6724,,,"{'city_name': 'Cerdal', 'humidity': 79, 'temperature': 12.53, 'timestamp': 1776974168, 'wind_speed': 1.05}"
9.810013771057129,,0.0,79.0,WlGtS8noiDFC0CRXmQZJ,37.421998333333335,-122.084,17.710013771057127,1776733312172.0,bb80f878cef35322,"{'wind_speed': 4.63, 'temperature': 17.09, 'timestamp': 1776893548, 'humidity': 75}"
0.7141,device-586,,128.14,WuCiN50hh2yo7KrEWVoL,42.191916,-7.774356,0.9897,,,"{'humidity': 66, 'temperature': 13.89, 'timestamp': 1776720434, 'wind_speed': 1.15}"
1.2369,device-452,,95.12,XP3T8oA1uybrrETkqgZK,41.190098,-8.169753,1.2003,,,"{'humidity': 43, 'temperature': 25.4, 'timestamp': 1776619209, 'wind_speed': 0.45}"
9.810013771057129,,0.0,79.0,Xo6qg6czioFTsowKPb9L,37.421998333333335,-122.084,17.710013771057127,1776734102345.0,bb80f878cef35322,"{'wind_speed': 4.63, 'temperature': 17.63, 'timestamp': 1776894775, 'humidity': 72}"
9.810013771057129,,0.0,79.0,YWi25WP6kECZfUMMbLZJ,37.421998333333335,-122.084,17.710013771057127,1776733582203.0,bb80f878cef35322,"{'wind_speed': 4.63, 'temperature': 17.57, 'timestamp': 1776894154, 'humidity': 73}"
9.810013771057129,,0.0,79.0,YXXJubhPMjfieh4S5QjQ,37.421998333333335,-122.084,17.710013771057127,1776733863107.0,bb80f878cef35322,"{'wind_speed': 4.63, 'temperature': 17.57, 'timestamp': 1776894154, 'humidity': 73}"
9.810013771057129,,0.0,79.0,YbXMVdBTnkWYW4NuIG4o,37.421998333333335,-122.084,17.710013771057127,1776733833102.0,bb80f878cef35322,"{'wind_speed': 4.63, 'temperature': 17.57, 'timestamp': 1776894154, 'humidity': 73}"
9.810013771057129,,0.0,79.0,ZKJ3oTlwqX17nRlr321x,37.421998333333335,-122.084,17.710013771057127,1776733192158.0,bb80f878cef35322,"{'wind_speed': 4.63, 'temperature': 17.09, 'timestamp': 1776893548, 'humidity': 75}"
1.1328,device-891,,83.99,ZUEwdIeGLKLU0hDLdmxn,41.602067,-8.207315,0.8142,,,"{'humidity': 52, 'temperature': 22.19, 'timestamp': 1776619220, 'wind_speed': 2.7}"
1.4925,device-304,,76.83,ZmiUVnqjSBDaWRXqhf6V,41.310922,-8.072664,0.5732,,,"{'city_name': 'Aboim', 'humidity': 57, 'temperature': 15.06, 'timestamp': 1776974158, 'wind_speed': 1.66}"
0.5873,device-721,,86.88,ZvE4zYMaJisFvrT4YbbY,41.746928,-8.727208,2.3298,,,"{'humidity': 50, 'temperature': 19.35, 'timestamp': 1776618959, 'wind_speed': 1.92}"
9.810013771057129,,0.0,79.0,abR2MwNTB7OAKdmn8bZX,37.421998333333335,-122.084,17.710013771057127,1776732911630.0,bb80f878cef35322,"{'wind_speed': 4.63, 'temperature': 17.09, 'timestamp': 1776893548, 'humidity': 75}"
1.6012,device-654,,123.58,atpykVq5i64epNPthiJk,41.676349,-8.263942,1.9113,,,"{'city_name': 'Parada de Bouro', 'humidity': 80, 'temperature': 12.91, 'timestamp': 1776974708, 'wind_speed': 1.63}"
1.2098,device-614,,58.56,azoRlObSBkBMtB3tb9gB,41.140688,-7.870221,1.8184,,,"{'city_name': 'Bernardo', 'humidity': 72, 'temperature': 13.58, 'timestamp': 1776974898, 'wind_speed': 2.23}"
0.1177,device-322,,130.59,b8SKRTp5UjmIxo90cj2L,41.919231,-8.541489,2.3652,,,"{'humidity': 43, 'temperature': 21.65, 'timestamp': 1776619284, 'wind_speed': 2.42}"
9.810003280639648,,0.0,79.0,bAaqV5vV2EWScbMm52ey,41.55343666666667,-8.393136666666667,17.710003280639647,1776893836335.0,9d789fd91804129f,"{'wind_speed': 0.32, 'temperature': 14.3, 'timestamp': 1776893433, 'humidity': 78}"
1.4741,device-138,,132.56,bCSCUKk0DPt7pkR6wtB7,42.346151,-8.193584,2.0356,,,"{'humidity': 47, 'temperature': 20.65, 'timestamp': 1776619124, 'wind_speed': 3.02}"
0.0711,device-057,,62.88,bQ4SFYIWoh4mmdjbSyUm,42.31877,-8.279715,1.8396,,,"{'humidity': 48, 'temperature': 19.47, 'timestamp': 1776618943, 'wind_speed': 2.73}"
0.1998,device-524,,62.0,blMAFwe0sbjz2NNTxmEh,41.681454,-8.421519,1.4486,,,"{'humidity': 45, 'temperature': 24.75, 'timestamp': 1776618790, 'wind_speed': 2.66}"
9.810013771057129,,0.0,79.0,c0jwCRMotI5ItcHBBXWz,37.421998333333335,-122.084,17.710013771057127,1776733432186.0,bb80f878cef35322,"{'wind_speed': 4.63, 'temperature': 17.09, 'timestamp': 1776893548, 'humidity': 75}"
9.80998706817627,,0.0,79.0,cgJtCizUSY0tSIP9lFcl,41.55343666666667,-8.393136666666667,17.709987068176268,1776809342136.0,9d789fd91804129f,"{'wind_speed': 1.45, 'temperature': 13.74, 'timestamp': 1776809158, 'humidity': 67}"
9.810003280639648,,0.0,79.0,cgN8Lfawt9eMSMyvsIaL,41.55343666666667,-8.393136666666667,17.710003280639647,1776893476254.0,9d789fd91804129f,"{'wind_speed': 0.32, 'temperature': 14.3, 'timestamp': 1776893433, 'humidity': 78}"
1.046,device-699,,77.67,cguv5jaIpoJEy8xZsFBK,42.203497,-8.651501,1.5814,,,"{'city_name': 'Tameiga', 'humidity': 55, 'temperature': 15.23, 'timestamp': 1776974650, 'wind_speed': 1.03}"
9.80998706817627,,0.0,79.0,d8EOtyFWaKOKRebweoZ5,41.55343666666667,-8.393136666666667,17.709987068176268,1776809372142.0,9d789fd91804129f,"{'wind_speed': 1.45, 'temperature': 13.74, 'timestamp': 1776809158, 'humidity': 67}"
0.2288,device-778,,81.78,dGycEv2E9SeuBYUvqoQ3,41.560591,-8.133549,1.526,,,"{'humidity': 50, 'temperature': 22.47, 'timestamp': 1776618770, 'wind_speed': 2.74}"
9.810003280639648,,0.0,79.0,dJDsuEWg15bvlaQ1Knbs,41.55343666666667,-8.393136666666667,17.710003280639647,1776893926360.0,9d789fd91804129f,"{'wind_speed': 0.32, 'temperature': 14.3, 'timestamp': 1776893433, 'humidity': 78}"
9.810003280639648,,0.0,79.0,dMqxbn28GXvwMCkObZPu,41.55343666666667,-8.393136666666667,17.710003280639647,1776893866347.0,9d789fd91804129f,"{'wind_speed': 0.32, 'temperature': 14.3, 'timestamp': 1776893433, 'humidity': 78}"
9.810013771057129,,0.0,79.0,eABzKBdGuaHRZXuTKl6e,37.421998333333335,-122.084,17.710013771057127,1776733702224.0,bb80f878cef35322,"{'wind_speed': 4.63, 'temperature': 17.57, 'timestamp': 1776894154, 'humidity': 73}"
9.810013771057129,,0.0,79.0,eC3HnUaWNYaDDlmBUbWe,37.421998333333335,-122.084,17.710013771057127,1776733342177.0,bb80f878cef35322,"{'wind_speed': 4.63, 'temperature': 17.09, 'timestamp': 1776893548, 'humidity': 75}"
0.3045,device-155,,60.94,egJIuh14p40RWQeYmPkg,42.175334,-7.678657,0.8912,,,"{'city_name': 'Abeleda', 'humidity': 66, 'temperature': 14.77, 'timestamp': 1776974508, 'wind_speed': 1.24}"
9.810003280639648,,0.0,79.0,emMHYJkqG1ovGUsd2YpV,41.55343666666667,-8.393136666666667,17.710003280639647,1776893201983.0,9d789fd91804129f,"{'wind_speed': 0.48, 'temperature': 10.59, 'timestamp': 1776893067, 'humidity': 78}"
9.810003280639648,,0.0,79.0,fG8tLUJFbTC7UgwPpjpR,41.55343666666667,-8.393136666666667,17.710003280639647,1776894106489.0,9d789fd91804129f,"{'wind_speed': 0.32, 'temperature': 14.3, 'timestamp': 1776894054, 'humidity': 78}"
9.810003280639648,,0.0,79.0,faMgF1YwO5bWccIld3ss,41.55343666666667,-8.393136666666667,17.710003280639647,1776894136505.0,9d789fd91804129f,"{'wind_speed': 0.32, 'temperature': 14.3, 'timestamp': 1776894054, 'humidity': 78}"
1.0427,device-585,,88.4,gEB1ZGUqJSMFAtlpPAl5,41.1151,-8.615313,0.9597,,,"{'city_name': 'Gravelos', 'humidity': 82, 'temperature': 14.63, 'timestamp': 1776974368, 'wind_speed': 1.54}"
1.5459,device-581,,121.07,gg97P39i6O2Cbxgtde42,41.665434,-7.608229,1.1387,,,"{'city_name': 'Arcossó', 'humidity': 83, 'temperature': 14.24, 'timestamp': 1776974348, 'wind_speed': 2.89}"
1.9128,device-393,,79.89,ghKG63wucpp5i0wv7XAB,41.475778,-7.992922,2.4012,,,"{'city_name': 'Rua do Arco', 'humidity': 74, 'temperature': 13.98, 'timestamp': 1776974268, 'wind_speed': 1.87}"
9.810003280639648,,0.0,79.0,h11cES5GBbqpwswGhj2F,41.55343666666667,-8.393136666666667,17.710003280639647,1776894466610.0,9d789fd91804129f,"{'wind_speed': 0.32, 'temperature': 14.3, 'timestamp': 1776894054, 'humidity': 78}"
9.810013771057129,,0.0,79.0,hVwp5eKYl9NJKNx3htWh,37.421998333333335,-122.084,17.710013771057127,1776734222358.0,bb80f878cef35322,"{'wind_speed': 2.57, 'temperature': 17.63, 'timestamp': 1776895235, 'humidity': 73}"
9.810013771057129,,0.0,79.0,hhDEtbQRUMUsX05b9SDO,37.421998333333335,-122.084,17.710013771057127,1776733552198.0,bb80f878cef35322,"{'wind_speed': 4.63, 'temperature': 17.57, 'timestamp': 1776894154, 'humidity': 73}"
9.810013771057129,,0.0,79.0,iEv8RryfgzCbLXsgHb5c,37.421998333333335,-122.084,17.710013771057127,1776733897220.0,bb80f878cef35322,"{'wind_speed': 4.63, 'temperature': 17.57, 'timestamp': 1776894154, 'humidity': 73}"
1.6091,device-465,,62.11,iGdvkqGt2z7HgY86oTmr,42.46466,-7.71622,0.6646,,,"{'city_name': 'Peroxa, A', 'humidity': 74, 'temperature': 15.97, 'timestamp': 1776973716, 'wind_speed': 1.64}"
9.810013771057129,,0.0,79.0,iYMDZB58mq6Ym6PIzx2P,37.421998333333335,-122.084,17.710013771057127,1776733162151.0,bb80f878cef35322,"{'wind_speed': 4.63, 'temperature': 17.09, 'timestamp': 1776893548, 'humidity': 75}"
9.810003280639648,,0.0,79.0,ifWjIT2BG9qXexLb2f4p,41.55343666666667,-8.393136666666667,17.710003280639647,1776893536273.0,9d789fd91804129f,"{'wind_speed': 0.32, 'temperature': 14.3, 'timestamp': 1776893433, 'humidity': 78}"
9.810013771057129,,0.0,79.0,irYYCqkWKmlvQu9h5i1u,37.421998333333335,-122.084,17.710013771057127,1776732941634.0,bb80f878cef35322,"{'wind_speed': 4.63, 'temperature': 17.09, 'timestamp': 1776893548, 'humidity': 75}"
0.8263,device-803,,55.21,izASwCHSMaLkzWjKNR5J,41.175774,-7.636177,1.0176,,,"{'humidity': 40, 'temperature': 23.86, 'timestamp': 1776618980, 'wind_speed': 4}"
1.667,device-395,,92.51,j9aQvr4iZTaGsCaBK5c5,42.457711,-8.64069,1.6813,,,"{'city_name': 'Pontevedra', 'humidity': 87, 'temperature': 16.45, 'timestamp': 1776974880, 'wind_speed': 1.26}"
9.810003280639648,,0.0,79.0,jAoVOFyjk5PwA0zkFGcb,41.55343666666667,-8.393136666666667,17.710003280639647,1776894496622.0,9d789fd91804129f,"{'wind_speed': 0.32, 'temperature': 14.3, 'timestamp': 1776894054, 'humidity': 78}"
1.6522,device-396,,108.23,jGeeyjIMQ1FVExDliwt4,41.634534,-8.323543,0.9569,,,"{'city_name': 'Figueiredo', 'humidity': 78, 'temperature': 15.3, 'timestamp': 1776974678, 'wind_speed': 1.76}"
9.810013771057129,,0.0,79.0,jN7hLeSeENv4VvNZF2TA,37.421998333333335,-122.084,17.710013771057127,1776733492190.0,bb80f878cef35322,"{'wind_speed': 4.63, 'temperature': 17.57, 'timestamp': 1776894154, 'humidity': 73}"
0.6126,device-062,,97.49,jtjsDqYFDTV6vbM7O2Lt,41.979894,-8.192224,1.6855,,,"{'humidity': 67, 'temperature': 12.83, 'timestamp': 1776720531, 'wind_speed': 2.07}"
1.3247,device-548,,131.06,kBR0MqJ5xBh084uRmMbe,41.065731,-7.701057,2.058,,,"{'humidity': 63, 'temperature': 15.38, 'timestamp': 1776720510, 'wind_speed': 0.93}"
0.4533,device-167,,129.58,kO5X2CntQKbrth3jN2Fp,41.510693,-8.359447,1.6845,,,"{'humidity': 52, 'temperature': 24.15, 'timestamp': 1776619273, 'wind_speed': 5.36}"
9.810003280639648,,0.0,79.0,kYheDtJCpYeHtzgdznLX,41.55343666666667,-8.393136666666667,17.710003280639647,1776895071910.0,9d789fd91804129f,"{'wind_speed': 0.32, 'temperature': 14.3, 'timestamp': 1776894661, 'humidity': 78}"
0.2182,device-471,,133.19,kacbgJA18B8Lgr3wJtLD,42.100815,-8.695422,2.2768,,,"{'city_name': 'Chaín', 'humidity': 55, 'temperature': 13.77, 'timestamp': 1776973699, 'wind_speed': 1.03}"
1.5958,device-114,,86.61,l1BvsAh4N1G937d4vxkA,41.688453,-8.673653,1.1011,,,"{'city_name': 'Paço', 'humidity': 83, 'temperature': 12.92, 'timestamp': 1776974526, 'wind_speed': 1.07}"
0.7797,device-274,,111.03,l9fnLUx0NBuPy3JcLjfn,41.793302,-8.049446,1.7167,,,"{'humidity': 56, 'temperature': 17.51, 'timestamp': 1776618991, 'wind_speed': 3.17}"
1.0865,device-080,,95.18,lDw8ceZUli4ZeoJHmAt8,41.485825,-8.770564,1.7082,,,"{'city_name': 'Apúlia', 'humidity': 83, 'temperature': 15.32, 'timestamp': 1776974628, 'wind_speed': 1.72}"
9.810003280639648,,0.0,79.0,lHSTgNosnmpApmDJU8tB,41.55343666666667,-8.393136666666667,17.710003280639647,1776893686297.0,9d789fd91804129f,"{'wind_speed': 0.32, 'temperature': 14.3, 'timestamp': 1776893433, 'humidity': 78}"
0.0654,device-393,,72.17,lKQ4J78aTSIArjtrWSUp,41.660158,-7.709825,1.1502,,,"{'humidity': 50, 'temperature': 19.54, 'timestamp': 1776618844, 'wind_speed': 4.44}"
1.7467,device-907,,121.45,m7mfDwCEOVafvtnoj1GV,41.29957,-8.537754,1.3366,,,"{'humidity': 45, 'temperature': 24.47, 'timestamp': 1776619241, 'wind_speed': 2.72}"
9.810013771057129,,0.0,79.0,mE23zKn5L0VgTnWayk9m,37.421998333333335,-122.084,17.710013771057127,1776734162349.0,bb80f878cef35322,"{'wind_speed': 4.63, 'temperature': 17.63, 'timestamp': 1776894775, 'humidity': 72}"
9.810013771057129,,0.0,79.0,mIN8UBpVDaZU097WZ81t,37.421998333333335,-122.084,17.710013771057127,1776733803092.0,bb80f878cef35322,"{'wind_speed': 4.63, 'temperature': 17.57, 'timestamp': 1776894154, 'humidity': 73}"
0.7774,device-502,,71.39,mYfAUgcs2tC4FjekE46H,41.553131,-8.705903,1.6519,,,"{'humidity': 56, 'temperature': 17.46, 'timestamp': 1776619177, 'wind_speed': 1.83}"
1.9585,device-859,,76.02,mxrBWwtDlHZowk9uMhDa,42.113783,-8.488599,1.7761,,,"{'city_name': 'Salvaterra de Miño', 'humidity': 55, 'temperature': 16.29, 'timestamp': 1776974918, 'wind_speed': 1.03}"
1.2397,device-810,,107.74,naQM5rwqmx9Fyr5SbhWN,41.591536,-8.58995,1.4691,,,"{'city_name': 'Lijó', 'humidity': 83, 'temperature': 12.46, 'timestamp': 1776974578, 'wind_speed': 1.25}"
1.1847,device-426,,77.98,ngCFiRkjGZZAnFkvM8Js,41.505862,-8.184572,2.3308,,,"{'city_name': 'Freitas', 'humidity': 63, 'temperature': 12.97, 'timestamp': 1776974999, 'wind_speed': 0.89}"
0.1155,device-079,,63.68,o1kO7kf5uY1YCrOQWBKa,41.48232,-8.689596,0.6814,,,"{'humidity': 60, 'temperature': 15.14, 'timestamp': 1776618891, 'wind_speed': 1.92}"
0.5288,device-613,,100.21,odJ10pIQV5xsQy1jaWLJ,42.378949,-8.189906,2.4002,,,"{'city_name': 'Leiro', 'humidity': 86, 'temperature': 12.14, 'timestamp': 1776974478, 'wind_speed': 2.02}"
1.639,device-830,,94.05,p5ZqFyrMoc1i1RB2enVP,41.22205,-7.77515,1.7551,,,"{'humidity': 41, 'temperature': 24.93, 'timestamp': 1776618860, 'wind_speed': 3.7}"
1.2013,device-787,,98.02,pDcLjnzoqE03mBQe0yIR,41.470567,-8.103679,2.2232,,,"{'city_name': 'Ribeiros', 'humidity': 63, 'temperature': 12.27, 'timestamp': 1776974338, 'wind_speed': 1.63}"
9.810013771057129,,0.0,79.0,pOUMRTMb4dmJas00X4jS,37.421998333333335,-122.084,17.710013771057127,1776733042139.0,bb80f878cef35322,"{'wind_speed': 4.63, 'temperature': 17.09, 'timestamp': 1776893548, 'humidity': 75}"
9.810013771057129,,0.0,79.0,pbjwWMbu9wXY1gnaBpYE,37.421998333333335,-122.084,17.710013771057127,1776733642213.0,bb80f878cef35322,"{'wind_speed': 4.63, 'temperature': 17.57, 'timestamp': 1776894154, 'humidity': 73}"
1.3881,device-424,,107.63,pkRS1JJcvrqKgNO5XN8I,41.694817,-8.652885,0.9273,,,"{'city_name': 'Facha', 'humidity': 83, 'temperature': 12.87, 'timestamp': 1776974540, 'wind_speed': 0.9}"
1.0338,device-455,,99.09,pojGFWojUiKRkSJBkNrt,41.118924,-8.075366,1.7798,,,"{'city_name': 'Ancede', 'humidity': 59, 'temperature': 13.09, 'timestamp': 1776974588, 'wind_speed': 1.49}"
1.0794,device-960,,55.17,q4iO0vXH4KIC0HrGVgJJ,41.647478,-8.383301,2.4727,,,"{'city_name': 'Amares Municipality', 'humidity': 79, 'temperature': 15.08, 'timestamp': 1776973577, 'wind_speed': 1.68}"
9.810003280639648,,0.0,79.0,q5A71A2xNQSh8VcIDlI3,41.55343666666667,-8.393136666666667,17.710003280639647,1776893171980.0,9d789fd91804129f,"{'wind_speed': 0.48, 'temperature': 10.59, 'timestamp': 1776893067, 'humidity': 78}"
9.810003280639648,,0.0,79.0,q8Wh0PnUzAdNGAbXidtH,41.55343666666667,-8.393136666666667,17.710003280639647,1776893566276.0,9d789fd91804129f,"{'wind_speed': 0.32, 'temperature': 14.3, 'timestamp': 1776893433, 'humidity': 78}"
9.810013771057129,,0.0,79.0,q9i8Tk2fTxn1kEQXrAp6,37.421998333333335,-122.084,17.710013771057127,1776733762228.0,bb80f878cef35322,"{'wind_speed': 4.63, 'temperature': 17.57, 'timestamp': 1776894154, 'humidity': 73}"
0.1693,device-642,,89.22,qbx7C4tQAdYGMRraSUVv,42.338433,-7.83718,0.6751,,,"{'humidity': 44, 'temperature': 24.91, 'timestamp': 1776619198, 'wind_speed': 3.84}"
1.8005,device-429,,69.31,qzvtRu0wsKzHB9evatZE,41.915825,-7.766501,2.1476,,,"{'humidity': 50, 'temperature': 19.8, 'timestamp': 1776618954, 'wind_speed': 3.16}"
0.6784,device-418,,62.42,r07zmsmLivfLtdGWzn4u,41.761504,-7.629245,1.4542,,,"{'city_name': 'Sapiãos', 'humidity': 78, 'temperature': 13.12, 'timestamp': 1776974688, 'wind_speed': 2.75}"
9.810003280639648,,0.0,79.0,sS9Qnne0VmCDAZrHSo6J,41.55343666666667,-8.393136666666667,17.710003280639647,1776894616637.0,9d789fd91804129f,"{'wind_speed': 0.32, 'temperature': 14.3, 'timestamp': 1776894054, 'humidity': 78}"
1.2313,device-425,,73.91,t3WclyelMuFuG01rQKOG,41.942853,-8.603063,1.4904,,,"{'city_name': 'Pecene', 'humidity': 81, 'temperature': 12.16, 'timestamp': 1776974448, 'wind_speed': 0.86}"
9.810003280639648,,0.0,79.0,t6lmPVU1HExPpgjhqpXa,41.55343666666667,-8.393136666666667,17.710003280639647,1776893986367.0,9d789fd91804129f,"{'wind_speed': 0.32, 'temperature': 14.3, 'timestamp': 1776893433, 'humidity': 78}"
9.810003280639648,,0.0,79.0,u3WrxaxHrXVJNjeneAcB,41.55343666666667,-8.393136666666667,17.710003280639647,1776894526626.0,9d789fd91804129f,"{'wind_speed': 0.32, 'temperature': 14.3, 'timestamp': 1776894054, 'humidity': 78}"
9.810003280639648,,0.0,79.0,u8m1UGgILPULuXVJ25Ud,41.55343666666667,-8.393136666666667,17.710003280639647,1776894376574.0,9d789fd91804129f,"{'wind_speed': 0.32, 'temperature': 14.3, 'timestamp': 1776894054, 'humidity': 78}"
0.2935,device-482,,72.07,uDClUjCt5R9oGVLQH2Uw,41.271285,-7.790501,0.9388,,,"{'humidity': 42, 'temperature': 21.88, 'timestamp': 1776619039, 'wind_speed': 3.26}"
0.1116,device-325,,122.34,uyFxihG6yVDbegG1t1fQ,42.072843,-8.611459,1.3941,,,"{'city_name': 'Soutelo', 'humidity': 55, 'temperature': 15.93, 'timestamp': 1776974088, 'wind_speed': 1.03}"
9.810003280639648,,0.0,79.0,uzc4oU2M95hJQASoDJa2,41.55343666666667,-8.393136666666667,17.710003280639647,1776894226535.0,9d789fd91804129f,"{'wind_speed': 0.32, 'temperature': 14.3, 'timestamp': 1776894054, 'humidity': 78}"
0.07,device-444,,117.77,vLofVpvwyRNClhe3r6oI,41.413432,-8.76087,2.2024,,,"{'city_name': 'Pedroso', 'humidity': 82, 'temperature': 15.21, 'timestamp': 1776974738, 'wind_speed': 1.54}"
9.810013771057129,,0.0,79.0,vZnAgU5zHdJdSLLsfnoE,37.421998333333335,-122.084,17.710013771057127,1776732982134.0,bb80f878cef35322,"{'wind_speed': 4.63, 'temperature': 17.09, 'timestamp': 1776893548, 'humidity': 75}"
9.810003280639648,,0.0,79.0,veQVRO11VGUJCW0zLVxH,41.55343666666667,-8.393136666666667,17.710003280639647,1776894016370.0,9d789fd91804129f,"{'wind_speed': 0.32, 'temperature': 14.3, 'timestamp': 1776893433, 'humidity': 78}"
1.3614,device-620,,113.3,vxWDa9cJzQwBo4iUrlCp,41.879304,-7.996909,1.1633,,,"{'city_name': 'Lobios', 'humidity': 92, 'temperature': 10.98, 'timestamp': 1776974928, 'wind_speed': 2.11}"
9.810003280639648,,0.0,79.0,w0FFIXda8qeZavUBkOHQ,41.55343666666667,-8.393136666666667,17.710003280639647,1776894316561.0,9d789fd91804129f,"{'wind_speed': 0.32, 'temperature': 14.3, 'timestamp': 1776894054, 'humidity': 78}"
9.810003280639648,,0.0,79.0,w5CaYf2AdtBfKAUrF209,41.55343666666667,-8.393136666666667,17.710003280639647,1776893506267.0,9d789fd91804129f,"{'wind_speed': 0.32, 'temperature': 14.3, 'timestamp': 1776893433, 'humidity': 78}"
0.9434,device-955,,110.6,wFj788yLF15Avc2geV0d,41.115888,-8.632302,2.0937,,,"{'city_name': 'Vila Nova de Gaia', 'humidity': 82, 'temperature': 14.77, 'timestamp': 1776974138, 'wind_speed': 1.54}"
9.810003280639648,,0.0,79.0,wObESc2y5ZI4THghpWHI,41.55343666666667,-8.393136666666667,17.710003280639647,1776893896355.0,9d789fd91804129f,"{'wind_speed': 0.32, 'temperature': 14.3, 'timestamp': 1776893433, 'humidity': 78}"
9.810013771057129,,0.0,79.0,wXa9HibESh3UksCDq1kj,37.421998333333335,-122.084,17.710013771057127,1776733462188.0,bb80f878cef35322,"{'wind_speed': 4.63, 'temperature': 17.09, 'timestamp': 1776893548, 'humidity': 75}"
1.2797,device-926,,81.91,wluXEFYnZjLNNwtzUfX9,41.387082,-8.434473,0.5414,,,"{'humidity': 62, 'temperature': 14.35, 'timestamp': 1776720541, 'wind_speed': 0.67}"
9.810003280639648,,0.0,79.0,x0qsWwdFhysLfl87p4tR,41.55343666666667,-8.393136666666667,17.710003280639647,1776893656294.0,9d789fd91804129f,"{'wind_speed': 0.32, 'temperature': 14.3, 'timestamp': 1776893433, 'humidity': 78}"
9.810003280639648,,0.0,79.0,xFywc4XqdqbdoYs8hZAw,41.55343666666667,-8.393136666666667,17.710003280639647,1776893231988.0,9d789fd91804129f,"{'wind_speed': 0.48, 'temperature': 10.59, 'timestamp': 1776893067, 'humidity': 78}"
9.810013771057129,,0.0,79.0,xL69XUFouvPnzx2H8GXr,37.421998333333335,-122.084,17.710013771057127,1776734192351.0,bb80f878cef35322,"{'wind_speed': 4.63, 'temperature': 17.63, 'timestamp': 1776894775, 'humidity': 72}"
9.810003280639648,,0.0,79.0,xPB6OPZClUd9RobITasG,41.55343666666667,-8.393136666666667,17.710003280639647,1776894436596.0,9d789fd91804129f,"{'wind_speed': 0.32, 'temperature': 14.3, 'timestamp': 1776894054, 'humidity': 78}"
1.4475,device-208,,130.13,xRv9V0UVTDdsfSTd26xk,41.423424,-7.833636,2.1549,,,"{'city_name': 'Alvadia', 'humidity': 75, 'temperature': 12.22, 'timestamp': 1776974636, 'wind_speed': 2}"
9.810003280639648,,0.0,79.0,yKy3NTUg6firs1s8eaZz,41.55343666666667,-8.393136666666667,17.710003280639647,1776894646645.0,9d789fd91804129f,"{'wind_speed': 0.32, 'temperature': 14.3, 'timestamp': 1776894661, 'humidity': 78}"
1.1953,device-526,,110.39,yR5PW9sB3oGwJaXGI8zk,42.257528,-8.171706,0.9667,,,"{'humidity': 47, 'temperature': 21.72, 'timestamp': 1776619012, 'wind_speed': 3.02}"
1.2208,device-872,,110.8,yUx90ZkjLpmZKXMvKUGS,42.393263,-8.567438,2.0122,,,"{'city_name': 'Tourón', 'humidity': 55, 'temperature': 14.4, 'timestamp': 1776974238, 'wind_speed': 1.03}"
9.810013771057129,,0.0,79.0,ybwc1jgzbtKZgi5LbzIH,37.421998333333335,-122.084,17.710013771057127,1776733072143.0,bb80f878cef35322,"{'wind_speed': 4.63, 'temperature': 17.09, 'timestamp': 1776893548, 'humidity': 75}"
0.1747,device-848,,59.2,yrr6s1cU9eJ0cnbYlkGL,42.342352,-8.22707,0.6114,,,"{'city_name': 'Abelenda', 'humidity': 87, 'temperature': 10.74, 'timestamp': 1776973659, 'wind_speed': 1.99}"
1.0718,device-054,,79.2,ysG4sM4sZc4fEgAWKDuA,42.177619,-8.412118,2.1959,,,"{'city_name': 'Cumiar', 'humidity': 55, 'temperature': 14.55, 'timestamp': 1776974298, 'wind_speed': 1.03}"
1.8389,device-746,,101.03,zHIKvwI9WyfqOklT0avB,42.333399,-8.431041,2.2071,,,"{'city_name': 'Fornelos de Montes', 'humidity': 55, 'temperature': 13.82, 'timestamp': 1776974308, 'wind_speed': 1.03}"
9.810003280639648,,0.0,79.0,zHw22XYLGTWIeHgSPQk6,41.55343666666667,-8.393136666666667,17.710003280639647,1776894556632.0,9d789fd91804129f,"{'wind_speed': 0.32, 'temperature': 14.3, 'timestamp': 1776894054, 'humidity': 78}"
0.2178,device-940,,95.43,zKLFAaU6igGV3mGG1gJl,42.119607,-8.272704,2.3874,,,"{'city_name': 'Cequelinos', 'humidity': 87, 'temperature': 14.59, 'timestamp': 1776974948, 'wind_speed': 1.59}"
