date,id,invite_id,status,userId,user_id
08-05-2026 22:39:32,5vcPGLsEtzxlj6DZgs6V,bfb1a5dd-3ab9-4ca2-8884-9aa734880b1e,True,72bd2672c948d2cb,
08-05-2026 22:34:31,5yGPcyDzI2jigyVDD78t,c840fe57-8570-430d-a2c9-f274f2246031,True,72bd2672c948d2cb,
08-05-2026 22:31:53,BdcdUrqt4Nw6zpLOFGd2,d017f40a-3b50-43c5-a4dc-44b8a6e4e326,True,72bd2672c948d2cb,
08-05-2026 22:58:06,EH0kjtXUjPkZP1SHphiJ,34560ffa-8f1c-4a9c-9965-bfede377b481,True,72bd2672c948d2cb,
09-05-2026 18:58:02,Hy9wGM54NcD4Dv7BWbgl,b258c1d6-2286-4799-b1b4-8770fe7e4c3e,True,9d789fd91804129f,
08-05-2026 22:42:32,I3ZxoXqcMAx5tfW6tt1f,9a90580c-6a84-4bfa-9ed0-15d5358e36c3,True,72bd2672c948d2cb,
08-05-2026 22:27:52,O7vzmfLQbJAW1Tofof7O,2f32ffe9-14d2-4068-aa8e-98766b8ffb85,True,72bd2672c948d2cb,
08-05-2026 21:49:27,TXHHo8BxJNBG4MjDZBv4,b44cd6d2-3493-4218-a022-b53950006260,True,72bd2672c948d2cb,
07-05-2026 23:01:56,aV81rdQBqs9L4zEfsbtS,c4b136d5-6458-42c1-9cc3-c1bbbd68a64f,True,9d789fd91804129f,
2026-05-06 22:14:10.651886+00:00,b8ViWwaaZNnpanPsVzGx,112,False,,
07-05-2026 22:59:16,hFrP5s5r7I6WIiDC21Mt,bb5e0b98-14c3-4866-9ccb-3d0c7d78f00f,True,,9d789fd91804129f
09-05-2026 18:31:22,hsi8nDgIzYazLbwm5XOp,6b89b1ca-fe92-4b8d-943b-f8fb813a2090,True,9d789fd91804129f,
08-05-2026 22:50:12,j7g6eLshv65pkajeFyZM,95c09a82-ab4d-4dbd-a942-ae2ff7b05acb,True,72bd2672c948d2cb,
08-05-2026 22:23:33,jYcp8G2FzdTYoau7wZDl,d964c9f1-4c05-4d3b-9bb9-3c74c5c501ca,True,72bd2672c948d2cb,
